894.506 , 8959.51
917.912 , 8472.97
901.931 , 8438.18
898.391 , 7592.86
921.935 , 7488.78
811.305 , 7028.99
861.534 , 8092.49
879.868 , 8090.84
879.125 , 7456.55
878.863 , 7293.52
866.297 , 7196.52
899.304 , 7920.91
830.6 , 8423.29
889.067 , 8065.2
892.834 , 8032.43
869.472 , 7393.12
846.227 , 7511.06
873.116 , 7665.11
900.647 , 8711.88
888.885 , 8041.02
862.347 , 7865.23
927.536 , 8149.86
858.81 , 7574.33
897.785 , 9179.45
902.539 , 7613.37
817.322 , 7084.93
773.684 , 7185.92
873.39 , 8325.74
913.473 , 8059.12
866.576 , 8027.46
922.579 , 7695.1
816.442 , 7718.25
891.426 , 7729.37
888.022 , 8765.25
905.491 , 8192.06
871.485 , 8262.58
886.387 , 7346
904.65 , 8352.08
862.079 , 7772.4
886.777 , 7411.27
871.097 , 7933.99
837.601 , 7918.94
846.923 , 7387.71
873.665 , 7967.16
845.656 , 7252.55
861.955 , 8206.18
845.483 , 7527.46
875.296 , 7946.71
858.836 , 7658.57
858.78 , 7539.21
857.513 , 8027.84
892.692 , 8942.69
903.121 , 7896.61
880.509 , 8160.31
827.926 , 8065.6
895.563 , 8168.52
829.876 , 7095.7
853.708 , 7289.48
914.995 , 8290.87
898.232 , 8152.43
855.285 , 8781.17
907.699 , 8661.32
882.173 , 8164.86
845.007 , 7590.76
884.283 , 7637.26
910.654 , 7988.99
882.427 , 8323.98
834.553 , 7564.23
857.482 , 7970.11
886.356 , 7868.56
899.26 , 7909.85
882.181 , 7830.37
873.213 , 8805.45
802.946 , 8186.88
802.822 , 7735.42
841.221 , 7214.01
845.406 , 8404.94
879.259 , 8271.76
864.849 , 8802.35
848.64 , 7477.69
863.59 , 8357.42
852.373 , 8696.94
856.393 , 8493.82
834.196 , 7235.79
842.779 , 7854.28
863.086 , 7760.47
839.145 , 7924.41
875.839 , 8537.67
812.637 , 8394.95
871.803 , 7499.21
901.143 , 7876.18
878.504 , 7770.95
869.667 , 7717.69
862.364 , 8998.87
901.002 , 8194.96
822.284 , 7303.19
865.899 , 7630.71
876.347 , 7869.11
881.97 , 7787.82
881.727 , 8816.48
839.649 , 8544.52
873.938 , 7625.22
916.721 , 7253.61
900.343 , 7668.55
898.738 , 7719.26
839.3 , 8103.94
891.698 , 8512.02
885.514 , 8221.93
891.801 , 8898.39
875.823 , 8744.44
812.456 , 6810.84
816.105 , 7617.04
878.636 , 7902.76
862.852 , 8277.18
886.409 , 7867.82
866.318 , 8158.15
855.452 , 7905.65
911.607 , 8196.05
879.7 , 7987.3
882.486 , 7992.15
900.599 , 7804.16
859.429 , 8237.48
778.478 , 7228.99
854.084 , 7971.85
874.204 , 7997.48
901.977 , 8518.52
892.209 , 8000.6
875.975 , 7894.61
851.752 , 7833.68
876.945 , 8703.37
881.637 , 8073.31
873.134 , 7256.79
859.265 , 8662.25
911.497 , 8694.46
844.345 , 8235.64
850.289 , 7733.78
864.379 , 8653.81
879.753 , 8376
902.68 , 8271.85
878.115 , 8054.72
858.683 , 7204.63
877.251 , 7982.65
903.448 , 7603.39
854.027 , 8259.69
885.334 , 8308.94
861.022 , 7999.82
859.361 , 7678.9
879.419 , 8219.58
878.698 , 7777.35
828.643 , 8028.26
888.39 , 8797.39
852.454 , 8033.66
874.248 , 7877.48
871.47 , 8159.12
866.082 , 8272.84
875.453 , 8257.8
889.726 , 7312.85
901.56 , 8425.26
833.202 , 7768.58
884.736 , 8248.23
888.838 , 8273.27
913.558 , 8346.65
794.356 , 8868.06
841.986 , 8065
862.982 , 7609.2
804.171 , 6564.08
848.984 , 7536.9
854.726 , 7613.91
808.539 , 8040.53
897.866 , 7513.29
888.404 , 7513.03
872.076 , 8260.11
869.238 , 8279.57
860.681 , 8788.11
902.584 , 8221.15
888.069 , 8220.41
852.19 , 8365.15
881.451 , 8265.91
900.455 , 8507.35
858.534 , 7889.17
905.412 , 8053.92
892.285 , 8428.61
918.408 , 8321.02
861.934 , 7283.39
866.02 , 8259.04
878.568 , 7844.96
870.593 , 7961.09
862.782 , 7853.93
796.081 , 8605.07
904.48 , 8339.91
847.326 , 7865.42
908.01 , 7527.75
860.915 , 7869.98
871.473 , 8809.58
862.603 , 8198.51
877.726 , 8424.31
840.409 , 8268.19
896.702 , 7944.4
878.623 , 7783.35
868.393 , 7619.67
877.924 , 7085.35
902.333 , 7466.29
841.996 , 8057.53
889.746 , 8048.97
839.748 , 8070.07
882.085 , 7754.47
893.792 , 8216.42
910.822 , 8577.94
865.217 , 7832.78
856.45 , 7612.43
813.132 , 7679.61
847.529 , 7291.78
911.294 , 8352.82
873.447 , 7630.72
868.753 , 8051.21
849.323 , 7598.74
916.191 , 8251.46
809.265 , 8216.6
887.988 , 8448.71
882.379 , 8941.65
883.588 , 8812.59
833.37 , 8169.39
850.291 , 8150.43
893.497 , 9277.97
883.279 , 7593.59
880.724 , 8399.74
878.015 , 7648.63
834.611 , 8334.32
868.255 , 8143.99
771.451 , 6876.27
836.999 , 7579.29
867.448 , 7772.14
864.522 , 7959.31
818.152 , 8074.79
850.605 , 7488.19
903.749 , 8208.97
896.232 , 8191.23
835.946 , 7497.64
836.497 , 7392.14
897.596 , 8003.14
865.036 , 7201.17
883.73 , 7854.21
867.636 , 7620.45
866.013 , 7048.57
845.55 , 7983.66
871.04 , 8440.21
870.877 , 8637.25
883.719 , 8251.69
835.821 , 8167.47
867.926 , 8140.59
854.16 , 7688.57
859.582 , 8822.71
872.853 , 7716.14
857.522 , 8192.92
906.179 , 7401.43
880.137 , 7964.11
882.107 , 8081.58
882.294 , 8020.31
891.116 , 7914.39
912.645 , 7929.07
888.744 , 8826.21
868.463 , 8270.82
865.134 , 7991.1
899.623 , 8348.84
903.54 , 7881
812.358 , 8068.54
850.53 , 8259.41
887.79 , 8461.11
890.164 , 8975.38
886.165 , 8580.17
891.421 , 7149.09
864.975 , 7198.76
802.472 , 6985.82
881.352 , 8341.18
899.855 , 7837.46
881.42 , 8657.1
854.092 , 8359.21
899.557 , 8287.96
860.947 , 7755.11
835.037 , 7748.47
867.607 , 7401.77
887.092 , 8343.78
816.552 , 7887.66
865.275 , 8170.49
886.468 , 8314.36
888.146 , 8427.92
886.548 , 8480
843.604 , 7169.63
872.874 , 7800.24
904.479 , 8240.83
901.425 , 8887.02
860.862 , 8661.76
876.965 , 7912.1
878.571 , 7995.12
901.55 , 7868.47
838.261 , 7483.57
837.452 , 8129.63
912.188 , 8224.85
905.138 , 8318.9
886.277 , 8214.15
892.955 , 8329.33
850.678 , 7418.64
782.516 , 6698.52
850.483 , 7771.43
871.218 , 7423.63
845.432 , 7772.12
884.113 , 6817.86
863.932 , 8133.17
863.928 , 7459.88
850.654 , 7730.04
898.848 , 7900.12
855.013 , 7941.31
899.979 , 8434.69
891.618 , 8520.73
836.127 , 7801.12
873.848 , 7475.92
891.681 , 7754.72
845.894 , 7867.37
894.873 , 8439.04
877.95 , 8398.87
834.418 , 7743.7
876.818 , 7472.36
834.164 , 7614.04
890.437 , 8072.99
895.376 , 7228.81
861.613 , 7289.72
876.096 , 8611.63
873.296 , 8214.28
903.126 , 8485.23
839.762 , 6876.9
908.19 , 8632.6
844.966 , 6945.35
893.023 , 7837.14
851.601 , 7747.21
871.365 , 7962.95
856.125 , 7457.99
894.661 , 8119.18
910.748 , 8439.72
870.412 , 7386.75
921.668 , 8055.78
848.299 , 8142.59
848.9 , 8435.39
767.944 , 7454.56
849.799 , 8321.2
861.017 , 7717.06
870.025 , 8329.33
875.999 , 8794.41
858.4 , 8099.19
882.437 , 8027.12
877.792 , 7603.29
878.557 , 8892.7
864.275 , 7294.46
891.362 , 8578.61
883.805 , 8459.8
893.073 , 7783.9
880.543 , 8711.22
875.947 , 7276.81
874.989 , 7850.5
890.02 , 8453.7
856.05 , 8275.88
874.96 , 7778.68
893.608 , 9113.85
868.168 , 8654.08
722.627 , 7166.92
855.502 , 7683.81
894.558 , 7822.28
905.565 , 8149.59
876.85 , 8707.31
847.297 , 7480.04
876.763 , 8500.22
896.692 , 8516.93
863.402 , 8526.12
856.713 , 7554.54
845.891 , 7827.02
859.247 , 8017.07
891.808 , 8897.15
898.95 , 9131.69
861.28 , 8158.31
865.218 , 8130.77
832.475 , 7208.08
856.502 , 7638.37
834.286 , 6737.07
877.783 , 8010.78
877.498 , 8195.23
846.459 , 7581.08
884.547 , 8527.09
881.386 , 8458.83
854.181 , 8326.68
859.877 , 8310.76
895.628 , 7600.79
892.007 , 8005.86
869.031 , 8082.79
848.351 , 8049.82
861.879 , 7574.05
895.368 , 8036.17
845.434 , 7660.79
870.749 , 8255.86
862.946 , 8128.21
873.534 , 7731.83
822.344 , 6677.68
882.183 , 7786.85
928.609 , 7445.09
824.31 , 9225.7
891.904 , 7399.45
856.889 , 8891.04
860.197 , 7367.87
901.698 , 7970.6
853.874 , 6767.29
857.724 , 7708.96
881.275 , 9301.47
892.84 , 7720.49
891.523 , 7986.45
892.036 , 8061.68
890.135 , 7667.4
888.593 , 8234.74
896.199 , 8314.54
890.723 , 8378.61
831.047 , 7886.37
896.951 , 8772.98
815.068 , 7450.63
888.522 , 8590.08
874.762 , 8176.17
856.212 , 8219.77
854.973 , 6977.53
910.968 , 8171.31
894.173 , 7844.81
881.802 , 7738.55
876.619 , 8375.61
878.969 , 8380.69
879.037 , 8404.74
913.756 , 7784.01
869.9 , 7160.95
875.986 , 8036.03
822.866 , 7844.66
930.869 , 8102.51
884.265 , 8124.95
901.268 , 7901.26
931.773 , 8604.1
873.796 , 8289.35
839.626 , 8242.8
882.688 , 9008.31
884.096 , 7510.03
847.56 , 7161.54
904.879 , 8420.15
851.364 , 8547.63
904.742 , 7882
886.489 , 7722.99
914.434 , 7768.01
844.982 , 8762.55
917.476 , 8107.35
839.198 , 7593.33
830.572 , 8447.65
897.134 , 8605.73
839.915 , 8143.15
920.271 , 7853.75
841.819 , 7567.24
881.398 , 8478.26
890.335 , 7910.35
871.611 , 8533.97
860.846 , 8230.9
886.609 , 8195.57
894.781 , 8397.77
914.235 , 7965.75
869.769 , 8753.84
880.309 , 7794.88
875.062 , 8140.87
894.983 , 7636.6
900.604 , 8119.84
806.787 , 6647.86
869.258 , 8407.65
887.14 , 7604.47
891.96 , 7704.23
882.133 , 8279.56
878.741 , 7634.15
867.185 , 7654.33
931.788 , 7182.06
801.822 , 7772.98
859.783 , 8113.14
912.46 , 8188.6
828.87 , 7763.15
851.485 , 7949.4
904.771 , 9047.99
817.17 , 8212.55
880.682 , 7276.61
866.967 , 8183.99
891.317 , 7946.15
908.668 , 7511.67
874.9 , 7598.91
840.44 , 7432.03
881.408 , 8948.44
892.219 , 8027.47
883.171 , 7799.96
846.712 , 7523.33
910.825 , 7467.92
891.183 , 8543
872.941 , 8148.11
892.805 , 8371.75
870.679 , 7892.98
904.583 , 7757.08
899.675 , 7408.14
898.72 , 8432.08
891.572 , 7449.74
909.854 , 7760.68
803.92 , 8102.05
894.152 , 8991.97
847.709 , 8213.09
850.657 , 8085.17
853.146 , 7714.1
852.266 , 7586.74
853.302 , 8067.8
901.38 , 7617.49
847.881 , 8052.34
876.675 , 8273.82
866.396 , 8436.69
903.813 , 7612.06
825.255 , 8066.74
866.639 , 7770.84
886.264 , 7598.36
849.595 , 8265.78
854.519 , 8082.18
846.652 , 8166.48
871.531 , 8096.66
789.644 , 7748.97
852.217 , 7396.52
898.839 , 8126.08
853.818 , 7091.66
843.629 , 7541.31
910.344 , 8538.33
831.434 , 8092
884.572 , 7563.48
868.369 , 7915.4
845.558 , 8323.51
830.468 , 7784.49
871.496 , 8294.27
862.352 , 7683.46
842.647 , 7778.17
891.991 , 6991.42
884.78 , 7669.4
881.396 , 8469.59
796.367 , 7143.92
832.57 , 7640.42
817.488 , 7120.62
873.062 , 8496.58
881.733 , 7768.22
842.795 , 8190.74
831.671 , 7721.85
854.848 , 7657.75
862.774 , 7561.75
890.977 , 8182.38
836.69 , 7762.31
834.449 , 7801.72
845.23 , 7949.73
856.94 , 8675.91
850.466 , 9254.35
855.858 , 8297.48
871.986 , 8320.36
854.759 , 7762.92
850.726 , 7895.04
875.459 , 7966.04
873.798 , 7620.99
857.839 , 7809.66
892.228 , 8181.03
823.689 , 7260.35
848.608 , 7683.08
869.64 , 7073.93
894.525 , 7274.61
849.832 , 7543.97
893.922 , 8203.14
867.104 , 8501.29
871.048 , 7532.07
917.871 , 7707.38
869.395 , 8194
903.233 , 8306.45
852.746 , 7545.48
860.487 , 8088.25
891.957 , 7879.8
891.299 , 8383.49
892.136 , 8158.73
887.819 , 8643.34
848.499 , 7774.89
820.929 , 8794.44
887.141 , 7855.6
873.925 , 7479.12
875.863 , 7545.76
818.64 , 8122.18
821.106 , 7401.65
860.968 , 8448.47
846.838 , 8754.25
876.363 , 8285.42
868.061 , 8148.88
867.205 , 7513.94
872.418 , 7686.68
859.193 , 7809.12
890.202 , 7875.09
906.569 , 7453.01
865.086 , 7255.45
863.269 , 7698.72
879.945 , 7110.76
868.902 , 7687.37
847.451 , 7444.94
864.183 , 7876.43
851.062 , 7476.45
851.436 , 7537.39
846.781 , 7978.14
807.888 , 7466.65
843.813 , 7108.3
820.993 , 7967.73
876.796 , 8291.96
895.2 , 8536.08
841.524 , 8518.81
822.777 , 7308.14
851.555 , 7296.45
849.058 , 7917.39
871.811 , 7555.08
851.971 , 8235.03
892.604 , 7769.38
859.272 , 8475.3
894.403 , 8295.78
902.534 , 8191.69
894.122 , 8087.22
862.69 , 7571.57
881.051 , 8540.22
842.453 , 8310.43
892.219 , 8776.46
870.548 , 8431.74
869.911 , 8362.35
906.56 , 8613.47
882.391 , 8089.94
879.588 , 7941.38
874.45 , 8081.06
874.02 , 7770.57
888.176 , 8311.83
921.226 , 8401.46
872.088 , 8258.87
885.642 , 8002.2
902.637 , 7930.86
858.617 , 9043.66
915.413 , 7966.62
929.895 , 8425.31
890.16 , 8045.67
874.04 , 8570.48
903.491 , 7588.37
892.498 , 7860.48
885.441 , 7975.3
886.378 , 8671.56
865.595 , 7872.82
895.329 , 8268.89
842.384 , 8400.83
894.788 , 8078.12
903.926 , 7605.43
868.047 , 7720.47
875.963 , 8131.43
872.072 , 8078.5
892.09 , 8475.39
860.183 , 7643.21
845.609 , 8431.31
899.864 , 8054.19
868.153 , 7089.13
855.457 , 7394.11
921.194 , 7611.42
874.012 , 7797.53
844.01 , 7305.28
894.804 , 8002.6
885.567 , 8435.49
884.29 , 7974.62
880.274 , 7909.93
845.333 , 8250.11
830.415 , 7881.02
858.157 , 8263.95
883.431 , 7991.48
857.529 , 7632.32
908.366 , 8548.65
861.385 , 7687.95
835.69 , 7716.97
868.349 , 8448.68
922.957 , 8311.33
892.682 , 8242.73
824.208 , 7739.48
878.012 , 8302.63
863.301 , 7944.76
878.126 , 8849.42
877.161 , 7472.13
873.264 , 8668.96
868.528 , 8248.93
848.166 , 7087.15
843.855 , 7906.75
837.971 , 8299.55
859.52 , 7815.75
902.088 , 8018.39
864.634 , 7445
864.597 , 8201.7
885.788 , 8452.15
880.856 , 7544.23
866.892 , 8067.23
804.346 , 8839.61
896.828 , 7520.27
881.94 , 8118.46
853.674 , 7704.26
906.367 , 8656.57
857.669 , 8228
871.541 , 7940.41
879.182 , 8777.42
916.292 , 7564.29
920.954 , 8890.21
853.855 , 7641.21
829.102 , 7250.34
905.539 , 8049.75
886.016 , 8393.16
871.139 , 7466.57
827.422 , 7819.55
869.189 , 9579.49
822.456 , 7893.27
850.682 , 8643.15
862.53 , 7640.89
884.806 , 7668.06
868.186 , 8299.08
886.37 , 8190.64
890.577 , 7903.06
857.576 , 7632.54
877.422 , 7703.32
873.798 , 7602.51
866.201 , 7000.35
855.392 , 8001.73
826.477 , 7609.98
872.482 , 8176.06
875.431 , 7984.01
836.756 , 8509.19
870.121 , 7257.83
886.289 , 8048.56
891.968 , 9128.22
900.019 , 7473.4
842.653 , 7083.92
884.95 , 7765.23
864.245 , 7914.67
890.787 , 8205.72
842.725 , 7129.44
838.64 , 7917.19
904.903 , 7709.15
890.391 , 7520.11
881.174 , 8696.97
885.18 , 8224.59
888.206 , 7417.78
910.416 , 7700.09
837.841 , 7305.36
894.292 , 8120.48
903.276 , 7711.36
917.09 , 8081.1
871.586 , 7505.87
865.601 , 8115.81
901.952 , 8063.72
807.269 , 7608.86
898.859 , 8611.24
862.555 , 8160.01
899.59 , 7580.55
920.388 , 8087.51
870.326 , 7275.15
849.213 , 8403.78
866.518 , 8298.32
855.249 , 7693.42
855.266 , 7741.04
887.276 , 8143.28
838.432 , 8186
874.74 , 7848.27
901.319 , 8674.38
883.569 , 8318.04
842.737 , 7731.62
865.385 , 7909.92
914.122 , 8154.86
885.638 , 8027.29
888.885 , 7768.38
883.455 , 8176.2
840.271 , 7529.13
833.439 , 8222.27
869.561 , 7781.15
857.612 , 8448.98
863.1 , 8052.33
879.2 , 8321.99
838.698 , 8089.62
852.117 , 8582.76
885.357 , 8555.87
890.444 , 8561.63
868.133 , 7969.02
856.238 , 8126.49
900.052 , 7458.96
870.84 , 8183.47
886.456 , 8422.22
840.602 , 8171.6
884.177 , 8538.87
856.722 , 8813.86
850.082 , 7474.27
872.592 , 7376.59
897.918 , 7299.74
854.204 , 7557.3
873.016 , 7815.69
864.902 , 7659.66
881.8 , 7963.35
864.031 , 8318.65
893.523 , 7718.25
898.462 , 8424.81
852.083 , 8046.88
898.047 , 8850.97
879.905 , 7454.07
846.416 , 6836.87
867.485 , 7241.73
890.306 , 9637.15
845.859 , 7931.31
833.331 , 8356.28
873.219 , 7417.03
844.556 , 8477.55
914.346 , 7501.09
857.539 , 8290.59
881.67 , 7965.71
845.39 , 7464.14
881.498 , 8050.35
842.434 , 7256.76
874.965 , 7924.16
851.299 , 8604.98
834.175 , 7641.77
924.017 , 7667.58
918.199 , 8534.89
877.605 , 7784.23
877.244 , 8648.31
849.32 , 7193.52
890.326 , 8203.39
804.133 , 7676.83
871.88 , 7496.24
914.944 , 7642.88
837.36 , 7277.85
885.132 , 8249.34
866.493 , 7441.17
925.773 , 8160.66
859.56 , 8383.86
869.682 , 9016.76
880.371 , 8302.11
900.284 , 7687.9
863.29 , 7377.22
886.099 , 8054.24
854.497 , 8146.68
853.281 , 8082.72
880.106 , 7477.21
844.776 , 8075.96
865.265 , 7728.82
827.197 , 7766.84
830.458 , 7430.41
889.644 , 8450.22
863.452 , 6921.26
881.508 , 8386.1
898.586 , 8423
875.91 , 8233.32
866.01 , 7830.1
889.41 , 8259.59
868.429 , 8409.68
879.375 , 8166.84
855.965 , 7790.94
916.894 , 8344.09
868.723 , 8342.49
815.667 , 8715.77
888.359 , 8183.12
882.634 , 7709.77
890.519 , 7800.58
857.276 , 7999.52
917.798 , 8152.1
882.838 , 8675.11
855.139 , 7642.61
858.016 , 7444.17
882.265 , 8178.92
901.978 , 7570.79
831.342 , 7479.26
859.124 , 7587.53
861.47 , 7483.49
854.307 , 8407.23
871.888 , 7429.27
887.211 , 9012
908.161 , 9299.39
852.327 , 8378.97
887.763 , 7896.7
860.743 , 7441.83
815.917 , 8197.01
870.59 , 7916.64
856.343 , 8805.13
878.743 , 8548.66
851.58 , 7915.91
866.865 , 8341.2
882.632 , 8994.28
897.475 , 7925.7
886.521 , 8542.36
851.719 , 7986.95
889.205 , 8077.75
924.296 , 7503.43
873.608 , 8717.95
888.593 , 8059.56
894.334 , 7193.28
883.838 , 7434.53
880.828 , 8789.16
872.504 , 7090.05
903.635 , 8698.08
844.918 , 8676.67
842.085 , 7972.33
869.61 , 8783.67
888.757 , 8273.78
807.373 , 7914.83
902.342 , 8391.68
859.113 , 7369.75
825.204 , 7457.07
857.765 , 7364.95
844.174 , 6817.71
857.438 , 8818.44
884.734 , 7672.49
870.807 , 8535.73
844.327 , 7248.92
854.253 , 7179.55
880.253 , 7354.88
892.169 , 7644.5
876.688 , 8467.66
892.274 , 7725.45
886.511 , 8142.77
850.597 , 7892.96
895.269 , 8059.86
870.063 , 8059.96
842.147 , 8216.48
865.679 , 8486.48
849.957 , 7886.13
820.296 , 7759
867.74 , 8467.72
840.368 , 7557.26
892.751 , 8711.28
907.139 , 7351.67
836.352 , 7518.07
885.581 , 8309
867.719 , 8063.88
880.149 , 7934.23
886.173 , 9220.24
833.499 , 8261.22
920.522 , 8113.8
844.691 , 7549.98
839.917 , 7989.62
849.554 , 7649.79
843.618 , 7861.84
860.379 , 7632.74
872.032 , 8226.83
847.127 , 7865.48
912.592 , 7057.52
842.792 , 8354.58
859.475 , 7818.86
901.477 , 8230.01
911.521 , 9038.97
885.568 , 6904.99
932.671 , 8990.23
840.976 , 7878.38
854.351 , 7883.12
889.788 , 8287.01
853.648 , 7444.66
877.505 , 8273.84
857.222 , 8145.51
889.998 , 8504.75
891.829 , 8842.92
868.138 , 9190.77
864.337 , 8664.1
876.213 , 7916.32
866.174 , 8651.92
837.127 , 7290.28
871.665 , 7856.57
896.603 , 8105
889.871 , 8051.48
838.194 , 8405.69
886.991 , 8006.87
882.535 , 8030.5
893.577 , 8023.4
894.131 , 8223.89
883.42 , 7877.13
810.394 , 7890.18
877.248 , 8449.35
820.931 , 7402.85
868.91 , 7772.41
893.588 , 8452.95
854.058 , 8760.32
869.82 , 8156.12
863.817 , 8007.57
888.071 , 7947.79
834.263 , 7683.61
910.588 , 7682.71
859.398 , 7975.19
888.31 , 8412.82
901.607 , 8140.01
875.848 , 8150.25
855.756 , 7760.46
887.396 , 8441.36
901.449 , 7604.89
873.726 , 7934.97
845.396 , 7491.71
920.757 , 7480.43
861.083 , 8569.99
923.195 , 7879.06
829.559 , 7762.41
879.43 , 8384.42
900.967 , 7957.29
898.547 , 7936.64
826.272 , 7490.77
879.989 , 7708.42
876.753 , 7263.47
884.997 , 8752.64
877.241 , 7854.73
818.953 , 7718.46
895.911 , 8296.12
905.83 , 7971.22
849.138 , 8021.53
849.267 , 7967.57
888.137 , 7663.56
854.978 , 8376.58
893.256 , 8517.03
840.982 , 7221.83
893.057 , 7905.54
889.963 , 8617.45
874.366 , 7405.7
865.867 , 8274.06
904.039 , 8161.29
868.291 , 7135.82
869.49 , 7760.61
903.01 , 7934.23
901.772 , 7978.22
886 , 8194.96
854.009 , 8112.99
912.867 , 8275.29
867.096 , 8088.63
849.202 , 8090.7
886.315 , 7609.74
851.231 , 8487.26
881.369 , 7815.13
852.53 , 8256.71
899.048 , 8789.08
828.779 , 7629.1
865.923 , 7966.69
853.642 , 7680.57
890.201 , 8176.7
907.177 , 7982.12
851.292 , 8314.21
902.065 , 7977.94
900.492 , 8605.18
898.626 , 8084.49
835.683 , 8193.14
842.994 , 7936.86
873.51 , 8205.79
847.168 , 7418.39
917.306 , 8104.67
871.997 , 7652.04
859.188 , 7885.36
856.253 , 8518.99
906.941 , 8468.71
876.365 , 8505.44
612.093 , 4613.48
891.295 , 8474.89
803.228 , 7677.67
864.536 , 8178.51
859.946 , 7515.52
891.633 , 8232.57
850.17 , 8368.14
832.359 , 7405.37
804.072 , 7134.65
882.484 , 8215.79
869.121 , 8502.14
841.549 , 6968.85
835.009 , 7156.81
888.116 , 7363.66
900.535 , 8270.69
890.217 , 8068.44
855.749 , 7593.18
891.08 , 7034.39
874.425 , 7358.94
880.584 , 7829.63
878.333 , 7785.85
894.811 , 7463.61
870.989 , 7964.26
794.237 , 7489.44
857.921 , 7705.84
823.427 , 7663.43
826.015 , 7991.92
890.901 , 8263.74
868.733 , 7980.11
837.289 , 7620.35
903.146 , 8118.85
851.855 , 7879.44
877.594 , 7772.77
873.668 , 8451.83
882.651 , 7992.54
884.98 , 8197.44
832.381 , 6722.97
789.539 , 7561.29
865.406 , 8191.16
873.059 , 8780.53
885.753 , 7524.77
855.152 , 8510.34
880.939 , 7768.09
882.949 , 7260
878.39 , 8134.69
906.851 , 9403.64
851.873 , 8639.19
892.992 , 7394.5
852.297 , 7647.45
901.376 , 8859.52
883.946 , 7968.62
844.069 , 7406.62
902.36 , 8707.92
890.834 , 8125.33
886.185 , 7957.94
869.02 , 8081.2
908.942 , 7395.83
885.198 , 8007.53
864.884 , 7617.57
881.454 , 7545.84
798.312 , 7824.14
809.041 , 7805.45
824.171 , 8087.83
823.235 , 7444.35
891.199 , 8598.29
927.289 , 8583.85
906.32 , 8086.19
863.703 , 8738.53
870.347 , 8010.32
842.692 , 7457.92
866.949 , 8112.23
849.823 , 7263.23
875.921 , 8258.97
876.369 , 8080.75
889.295 , 7212.98
888.041 , 7725.03
869.969 , 7883.17
872.169 , 6976.28
899.703 , 8323.31
885.781 , 8560.27
846.499 , 7006.88
873.112 , 8091.79
909.65 , 8440.05
821.143 , 7063.55
862.691 , 8934.2
898.607 , 7858.38
866.453 , 7895.11
891.578 , 8362.98
864.406 , 7695.48
826.361 , 7656.33
908.349 , 8247.92
925.402 , 7751.89
838.003 , 8208.93
911.927 , 8395.02
896.724 , 8406.58
901.642 , 7980.52
838.382 , 7840.16
856.422 , 8061.12
832.37 , 7951.62
896.784 , 7591.71
900.978 , 8886.48
893.917 , 7624.7
895.192 , 7408.8
837.441 , 7402.88
883.466 , 8089.21
876.321 , 7343.56
863.966 , 7657.2
892.471 , 8192.69
909.936 , 8247.59
833.748 , 9191.91
901.157 , 8202.6
892.923 , 7909.06
834.894 , 7896.6
877.707 , 8356.71
894.318 , 7199.41
866.011 , 9070.03
849.127 , 8705.2
837.053 , 7916.02
912.561 , 8497.89
879.467 , 7210.49
885.027 , 7742.19
892.649 , 7780.34
850.704 , 7909.81
896.788 , 7619.9
881.707 , 7986.11
883.992 , 8086.63
907.625 , 7368
892.515 , 7278.44
841.232 , 7214.1
895.773 , 8151.17
866.626 , 8026.8
886.81 , 7507.62
890.851 , 8797.26
899.751 , 8081.74
878.869 , 7165.35
913.993 , 7571.67
839.052 , 8114.65
892.643 , 7061
881.678 , 8037.86
821.895 , 7712.9
861.67 , 8133.85
902.709 , 8913.72
844.236 , 6578.62
889.465 , 7823.71
849.181 , 7303.18
850.897 , 7949.96
881.732 , 7641
915.279 , 7740.17
848.643 , 7653.3
876.573 , 8758.68
903.48 , 8432.1
870.812 , 8044.72
846.651 , 7137.84
861.882 , 8231.06
857.191 , 8533.34
894.658 , 8398
853.177 , 8739.15
863.833 , 8471.18
881.241 , 7991.34
847.706 , 7633.53
858.069 , 8002.35
853.021 , 7966.01
912.174 , 7978.65
889.156 , 7961.43
886.776 , 8241.26
888.623 , 8202.49
903.513 , 8487.22
880.632 , 8163.89
889.099 , 7171.71
889.083 , 8477.55
786.154 , 7872.93
853.543 , 8020.95
841.047 , 8536.8
913.032 , 7830.89
870.315 , 7750.53
920.362 , 7378.53
848.557 , 7774.45
917.778 , 8898.61
906.357 , 7836.34
918.885 , 7442.68
865.627 , 7314.61
870.666 , 8661.78
829.136 , 7403.8
895.215 , 7851.66
919.072 , 7349.69
798.74 , 7720.49
845.412 , 8272.23
914.617 , 8807.85
852.495 , 7840.34
898.735 , 8470.17
870.865 , 7667.21
807.969 , 7574.16
841.753 , 7706.67
851.239 , 8691.24
901.693 , 8421.62
852.399 , 8404.24
883.688 , 7490.13
875.621 , 8223.92
840.596 , 7720.32
897.287 , 8144.28
875.212 , 7990.47
844.838 , 7923.87
894.504 , 7827.51
846.328 , 7678.44
852.748 , 8430.6
863.412 , 8233.58
860.296 , 7234.48
866.283 , 8226.36
898.406 , 8305.97
839.175 , 7526.11
863.163 , 7787.98
865.712 , 7592.13
889.562 , 7888.11
884.548 , 8143.78
910.1 , 8792.54
865.718 , 8784.99
867.631 , 8063.91
838.479 , 7662.65
855.504 , 8593.72
863.881 , 8307
898.648 , 7645.83
847.743 , 7830.07
866.652 , 7168.08
912.583 , 8260.86
859.678 , 7677.57
895.414 , 7424.34
853.584 , 8133.66
855.577 , 7889.22
925.605 , 7169.05
850.684 , 8674.23
904.267 , 8389.14
836.454 , 8394.56
852.388 , 8673.25
868.43 , 7596.33
873.829 , 7347.73
876.093 , 8156.78
912.424 , 7587.93
888.808 , 7538.72
839.714 , 7535.31
868.17 , 7318.59
861.103 , 7556.44
904.634 , 8639.73
805.82 , 6705.82
871.638 , 9200.01
909.986 , 7694.46
865.585 , 7629.54
845.443 , 7985.01
886.378 , 8455.05
846.159 , 7839.27
851.611 , 7243.86
789.282 , 8417.6
890.107 , 8303.82
892.265 , 7169.95
859.3 , 7742.03
883.909 , 7987.77
847.928 , 8405.44
816.294 , 8340.19
865.863 , 8084.13
868.27 , 7488.34
906.721 , 8540.48
872.067 , 7803.05
894.958 , 8317.68
843.211 , 7469.21
860.632 , 8462.23
889.125 , 7403.74
917.659 , 8051.42
864.371 , 7760.74
909.082 , 7997.73
876.847 , 8879.56
849.27 , 8637.53
862.861 , 7102.84
890.904 , 8807.38
878.845 , 7570.09
889.425 , 8654.09
913.33 , 8137.36
867.356 , 7641.47
895.981 , 7524.6
885.656 , 8070.35
868.814 , 7430.27
835.421 , 7089.25
898.07 , 8054.71
849.687 , 7508.32
875.61 , 8085.14
824.526 , 8000.98
891.285 , 8331.52
892.89 , 7596.46
873.935 , 8494.88
877.511 , 8112.22
840.72 , 8021.02
840.695 , 7881.79
861.771 , 8215.59
807.711 , 6669.5
892.035 , 7682.51
875.086 , 8377.31
845.634 , 7328.17
868.703 , 8354.96
922.612 , 7814.13
866.966 , 7293.55
892.621 , 7591.48
893.365 , 8685.23
874.386 , 8710.41
920.957 , 7754.46
906.321 , 7400.17
893.197 , 8341.23
871.97 , 7704.66
895.969 , 8664.54
886.244 , 7848.71
889.154 , 7436.02
873.421 , 7339.42
861.884 , 8191.43
869.483 , 8389.16
863.121 , 8286.95
876.687 , 7241.34
858.032 , 8428.46
869.098 , 7327.34
941.956 , 8220.67
889.193 , 7775.3
893.002 , 7545.69
892.896 , 8386.59
851.109 , 6971.69
878.03 , 7807.44
828.244 , 7551.3
878.399 , 8196.07
886.861 , 8134.35
788.914 , 7476.55
852.617 , 8366.1
872.548 , 7830.08
899.278 , 8807
887.27 , 7977.39
918.397 , 7693.36
870.989 , 6409.15
932.087 , 7849.32
913.702 , 8749.89
853.991 , 7386.14
899.434 , 8622.7
893.575 , 7823.96
859.91 , 8384.73
860.891 , 7646.7
864.038 , 8626.59
900.649 , 8564.83
900.942 , 7619.74
899.998 , 7996.15
830.022 , 7177.66
864.651 , 7592.74
882.302 , 8518.45
864.345 , 7982.15
851.918 , 8970.45
870.923 , 7173.52
850.537 , 8118.46
845.111 , 7594.84
908.823 , 8712.41
866.933 , 7574.26
893.835 , 7980.82
861.753 , 8336.56
838.593 , 7486.41
888.308 , 8809.72
853.336 , 8525.43
884.001 , 8497.89
924.276 , 8595.82
873.862 , 7519.36
886.119 , 8037.06
900.684 , 7889.39
901.468 , 7941.33
821.742 , 7613.95
894.452 , 8266.42
876.94 , 7946.55
883.113 , 7400.96
850.367 , 7576.75
912.9 , 8821.17
906.596 , 7724.84
894.036 , 8178.5
867.384 , 8800.9
804.549 , 8769.44
869.966 , 8471.59
812.467 , 7271.68
861.324 , 7927.22
846.327 , 7807.14
798.746 , 7843.04
887.085 , 8252.31
847.399 , 8454.4
882.661 , 8045.33
844.498 , 9360
878.296 , 8408.25
896.19 , 8570.17
829.544 , 7529.95
889.216 , 8107.46
899.295 , 7638.18
889.168 , 8869.81
857.69 , 8570.75
885.499 , 7123.13
854.079 , 7851.88
885.568 , 8024.12
849.187 , 7555.96
809.05 , 7314.4
814.691 , 8741.28
857.628 , 7023.34
890.28 , 8877.3
884.889 , 7209.95
891.957 , 7742.6
861.109 , 7613.88
906.025 , 7961
901.275 , 7496.04
858.817 , 8072.64
868.091 , 7714.25
830.715 , 7314.03
799.234 , 7944.12
807.457 , 7318.27
906.557 , 8130.07
867.574 , 8112.71
839.437 , 7266.21
874.25 , 7386.42
867.229 , 8124.69
899.86 , 7662.26
830.089 , 7402.43
878.733 , 8226.2
807.278 , 7440.87
856.282 , 7850.48
800.02 , 7986.78
885.511 , 8019.76
811.523 , 7665.42
861.495 , 8426.66
830.24 , 7428.25
858.103 , 7431.03
840.983 , 8175.15
904.548 , 7829.15
821.708 , 7400.26
879.632 , 8237.82
881.867 , 8434.8
855.023 , 8347.69
885.61 , 7790.61
872.138 , 7482.03
837.379 , 8242.03
885.287 , 7819.48
890.199 , 7986.8
900.511 , 7831.92
815.439 , 6884.78
911.065 , 7364.02
806.589 , 7419.39
824.668 , 8345.27
885.655 , 8400.1
864.113 , 7786.16
885.33 , 8005.82
834.378 , 7414.67
848.206 , 7413.09
918.186 , 7555.94
826.021 , 7461.34
888.287 , 7422.79
911.595 , 8172.42
840.364 , 7962.59
858.232 , 7643.09
893.506 , 8678.63
881.536 , 9090.94
857.052 , 6797
881.635 , 8170.45
883.419 , 7341.22
824.492 , 8163.25
847.146 , 7707.19
902.018 , 8399.39
883.622 , 7912.37
913.25 , 7773.39
887.687 , 7823.56
877.63 , 8085.34
829.647 , 8528.81
777.197 , 8233.68
899.412 , 8708.18
858.199 , 7452.79
862.583 , 8343.08
773.668 , 6540.29
907.31 , 8070.44
844.827 , 8209.12
819.521 , 7472.99
898.83 , 7528.98
859.058 , 7739.93
893.049 , 7687.14
877.271 , 7988.92
842.961 , 7850.69
815.329 , 7576.19
855.093 , 8129.18
871.047 , 8700.93
871.634 , 7986.01
878.237 , 8580.98
870.009 , 8066.85
882.445 , 7323.38
857.787 , 7375.88
862.99 , 7420.79
876.05 , 7224.42
859.809 , 8250.34
844.167 , 8590.54
874.803 , 8222.31
901.231 , 8665.87
850.256 , 7656.35
853.142 , 8169.82
838.296 , 8365.55
931.009 , 8446.42
899.613 , 7465.02
911.079 , 8108.27
868.708 , 8447.77
859.057 , 8227.76
895.406 , 7737.01
910.613 , 7739.2
863.343 , 7651.47
867.526 , 8338.27
870.674 , 7664.29
878.209 , 7309.45
882.612 , 8187.51
861.174 , 8047.24
892.273 , 7635.33
813.373 , 7588.74
921.824 , 8267.09
769 , 8497.5
850.649 , 7988.49
902.486 , 7986.17
873.529 , 8509.58
868.746 , 7961.11
868.823 , 8280.13
867.826 , 7462.83
901.738 , 8152.29
903.463 , 7685.08
898.618 , 7218.18
833.198 , 7680.67
874.687 , 7786.91
847.039 , 7150.73
881.753 , 7574.65
889.916 , 8135.52
888.726 , 8216.79
853.143 , 7291.14
884.805 , 8742.46
843.966 , 8315.61
927.51 , 8826.27
904.065 , 7965.72
909.997 , 7606.85
889.053 , 7962.68
857.909 , 7789.67
902.425 , 8065.42
828.166 , 8145.55
892.965 , 8821.96
887.075 , 8016.92
868.318 , 8269.61
873.771 , 8274.87
870.727 , 8084.59
885.062 , 9110.63
865.989 , 7575.12
858.957 , 7646.89
894.574 , 7985.68
857.995 , 8079.45
865.172 , 7890.06
875.929 , 7181.7
748.492 , 6397.72
899.965 , 7735.28
875.986 , 7779.94
876.313 , 8237.58
853.114 , 6998.38
881.46 , 7538.47
872.536 , 7799.36
879.665 , 7624.7
903.445 , 8162.55
866.774 , 7010.54
908.897 , 7352.25
840.525 , 7992.14
884.999 , 7922.36
847.537 , 7403.11
907.107 , 8147.33
859.079 , 8228.4
837.851 , 7453.79
894.75 , 7465.41
859.942 , 8393.98
894.825 , 7772.6
872.826 , 8332.06
899.039 , 7796.14
880.391 , 7797.09
899.226 , 8824.67
872.917 , 6909.05
873.164 , 7266.68
870.277 , 7218.9
870.548 , 8600.08
869.584 , 6971.88
845.94 , 7635.17
880.552 , 7654.79
891.566 , 8664.77
853.983 , 7086.41
857.195 , 7956.65
885.093 , 7846.68
869.581 , 7164.46
891.768 , 8057.98
826.682 , 6946.94
886.332 , 8364.23
858.625 , 7649.75
787.72 , 7627.42
913.253 , 8704.87
895.246 , 8212.94
860.702 , 8109.54
875.455 , 8099.71
884.139 , 8115.8
804.805 , 8091.28
917.599 , 7927.11
893.965 , 8868.56
913.678 , 7401.62
812.76 , 8003.49
826.9 , 8031.29
904.545 , 7735.65
876.508 , 7716.66
846.374 , 7270.32
824.592 , 7737.43
889.683 , 8613.78
835.676 , 8251.71
889.129 , 7625.83
904.792 , 7794.3
845.949 , 7738.16
892.292 , 7656.85
852.836 , 7796.34
844.028 , 7721.04
879.445 , 7888.11
865.437 , 8466.76
904.989 , 8447.49
813.892 , 8527.29
859.531 , 9132.55
854.905 , 8756.87
737.472 , 6722.49
837.019 , 8229.83
887.857 , 8544.7
881.862 , 8249.46
901.989 , 8381.15
822.28 , 7806.55
847.359 , 7800.71
867.969 , 8210.45
875.105 , 7381.46
881.169 , 8464.7
870.406 , 7984.22
861.561 , 8284.51
904.244 , 9635.81
859.08 , 7293.32
842.041 , 9174.47
880.201 , 7549.55
883.765 , 7946.08
921.088 , 6836.18
858.847 , 8261.63
889.034 , 8626.27
888.339 , 7599.31
875.603 , 8357.75
848.738 , 7707.68
877.073 , 8384.23
850.48 , 8211.36
926.028 , 7579.74
871.614 , 7760.32
865.82 , 7828.41
880.281 , 7208.75
845.491 , 7984.54
902.185 , 8934.36
874.086 , 7469.42
870.637 , 7788.46
885.221 , 8177.61
887.232 , 7196.74
907.601 , 8027.3
872.045 , 8389.09
830.092 , 7908.11
901.038 , 7696.75
895.986 , 7524.74
885.64 , 7770.69
837.596 , 7938.63
907.435 , 8301.78
941.452 , 8273.08
887.819 , 8100.97
856.8 , 7862.37
870.481 , 7983.97
843.66 , 7044.27
883.203 , 7469.69
917.412 , 7851.07
935.309 , 7393.19
853.342 , 7546.19
893.685 , 8788.6
888.513 , 8409.83
856.208 , 8762.97
800.438 , 7996.78
903.181 , 7699.58
911.317 , 7655.98
860.376 , 8134.97
865.552 , 8297.31
844.232 , 7861.7
861.037 , 8968.06
873.653 , 8202.55
872.006 , 7191.3
895.111 , 7239.42
819.591 , 7996.84
881.356 , 8292.87
891.579 , 7340.69
857.713 , 7944.55
903.713 , 7353.82
875.794 , 7852.42
890.716 , 8416.59
877.863 , 7886.97
857.87 , 8272.14
862.214 , 8250.25
879.18 , 7624.77
836.943 , 7522
915.357 , 8025.15
863.421 , 8484.17
898.237 , 8038.6
899.255 , 8079.61
844.138 , 7878.86
889.729 , 7908.15
820.321 , 8870.94
889.434 , 8208.93
907.088 , 8274
835.642 , 8084.93
876.024 , 8322.27
788.512 , 7939.73
871.629 , 8634.34
854.385 , 7075.66
874.906 , 8531.85
905.931 , 7543.2
850.648 , 8372.29
892.37 , 8160.12
837.912 , 7920.92
861.739 , 7802.44
915.355 , 7537.72
848.3 , 7802.31
862.397 , 8145.22
876.835 , 7839.29
891.863 , 8271.01
912.77 , 8559.27
889.773 , 8171.37
849.269 , 8118.58
893.167 , 7779.74
843.41 , 7875.95
908.534 , 8142.23
873.21 , 7276.73
869.921 , 8023.02
828.097 , 7527.1
876.738 , 7653.17
886.287 , 7963.01
898.319 , 7767.9
853.619 , 7160.81
789.224 , 7551.2
884.265 , 7608.96
889.784 , 8690.56
830.06 , 8142.91
880.839 , 7771.53
898.097 , 9201.45
900.753 , 8097.42
871.927 , 8234.55
865.175 , 8669.33
846.399 , 8063.96
878.615 , 7590.85
883.5 , 7175.78
901.04 , 8019.92
899.25 , 8549.01
893.109 , 8808.5
857.537 , 7474.8
872.179 , 7774.56
906.686 , 8707.32
862.081 , 7782.35
897.211 , 8163.35
799.667 , 7468.58
860.195 , 7824.24
854.913 , 7529.66
834.348 , 7161.4
873.573 , 8168.84
906.185 , 8173.54
840.926 , 7729.73
820.083 , 7246.88
862.012 , 8264.1
883.799 , 7024.7
900.194 , 8073.77
879.047 , 8571.71
879.919 , 7616.71
899.93 , 7957.66
886.597 , 8282.89
871.952 , 7499.93
827.308 , 8056.79
891.885 , 8068.38
892.397 , 8497.07
904.463 , 8049.46
870.269 , 8448.79
871.776 , 8221.71
864.903 , 7596.75
860.096 , 7544.77
852.293 , 8590.83
895.741 , 8972.79
879.403 , 8285.35
840.854 , 8033.06
884.451 , 7859.66
816.832 , 7753.78
858.246 , 7322.14
869.249 , 8041.43
895.7 , 8974.16
880.058 , 8270.65
871.277 , 8236.95
861.922 , 7242.91
863.354 , 8399.68
878.396 , 7631.19
909.53 , 8615.78
895.643 , 7194.14
879.085 , 7754.95
876.356 , 7914.63
873.665 , 8271.54
887.057 , 7894.1
893.737 , 7343.92
871.504 , 8917.95
889.408 , 7821.12
848.824 , 7662.29
830.299 , 6841.91
859.688 , 7856.65
923.295 , 7952.92
838.701 , 8214.95
879.889 , 8060.82
892.24 , 8880.04
838.124 , 8243.48
905.186 , 8165.39
848.359 , 7492.35
879.841 , 7582.49
886.583 , 7752.75
848.04 , 7760.34
878.058 , 8091.41
862.402 , 8333.46
857.291 , 8669.98
835.472 , 8490.39
821.143 , 7326.21
832.896 , 8149.4
870.492 , 7665.43
863.642 , 8175.81
891.522 , 8228.35
885.682 , 8006.37
857.251 , 8262.14
890.669 , 7827.56
888.21 , 7674.88
871.686 , 7302.04
901.736 , 8661.87
890.524 , 8273.49
832.945 , 8328.74
847.545 , 7808.8
889.262 , 7901.06
876.194 , 8045.26
871.296 , 8373.83
874.464 , 7852.35
840.55 , 8558.09
833.393 , 8383.51
902.684 , 7553.58
833.562 , 7549.5
922.787 , 8040.2
868.375 , 8123.6
915.505 , 7324.9
837.863 , 7932.33
871.984 , 8811.83
855.033 , 8013.96
834.347 , 7712.07
863.94 , 8061.05
861.942 , 8302.57
854.555 , 7833.5
864.488 , 7981.97
881.709 , 7681.57
866.297 , 8947.03
860.386 , 8030.48
854.329 , 7548.1
902.41 , 7630.34
911.568 , 7841.76
883.727 , 7940.55
869.693 , 7761.77
874.868 , 8056.05
921.971 , 8512.05
842.655 , 8078.79
809.777 , 8567.25
847.371 , 8214.7
851.64 , 7143.94
915.404 , 7567.4
873.715 , 7589.19
867.321 , 7985.53
882.739 , 8083.66
888.796 , 8787.77
894.87 , 7621.99
897.48 , 7958.46
864.882 , 8030.94
860.499 , 7836
852.898 , 7627.24
862.724 , 7530.84
884.512 , 8605.51
871.003 , 8254.21
879.585 , 7993.8
863.148 , 8448.52
890.756 , 7904.29
852.867 , 7798.46
850.102 , 7838.68
842.567 , 7558.04
873.796 , 7660.77
905.992 , 8068.75
873.195 , 8639.28
874.85 , 8277.08
889.593 , 8108.36
868.742 , 7501.12
907.788 , 8954.01
897.035 , 8841.45
867.489 , 7845.18
881.641 , 7706.24
904.557 , 7899.32
876.739 , 7506.05
865.9 , 8227.96
842.696 , 8455.73
873.644 , 7993.41
929.695 , 7823.4
850.908 , 7257.89
902.649 , 8565.02
836.881 , 8639
855.151 , 7461.07
869.985 , 7777.83
900.381 , 8184.2
878.085 , 7948.08
838.206 , 7301.83
903.071 , 8030.49
889.059 , 7606.07
886.62 , 7745.17
862.28 , 7364.47
864.009 , 7741.45
877.682 , 7477
858.272 , 8692.6
860.694 , 7780.7
907.25 , 7663.84
831.056 , 8026
909.353 , 7927.52
832.579 , 7178.26
834.471 , 8149.97
768.418 , 7179.24
873.624 , 8583.02
898.544 , 7300.42
908.02 , 7724.68
859.207 , 8406.81
903.916 , 8522.95
877.734 , 7514.09
882.096 , 8227.58
884.392 , 7577.32
831.403 , 7484.87
851.752 , 7568.84
854.481 , 7763.61
893.104 , 8200.39
857.435 , 8200.17
866.385 , 7219.01
835.46 , 7909.86
880.32 , 8134.78
878.272 , 8237.09
863.919 , 8683.82
868.926 , 7562.37
910.339 , 8303.58
825.166 , 7512.11
845.482 , 7725.31
872.863 , 8311.23
874.194 , 8022.46
869.585 , 8055.74
902.605 , 7799.15
890.065 , 7679.39
864.36 , 8392.28
877.59 , 8777.4
916.292 , 7829.67
858.781 , 8694.47
888.257 , 8517.06
844.126 , 8379.01
863.327 , 8548.78
867.411 , 7946.18
907.737 , 8300.97
873.666 , 7318.49
908.668 , 8442.81
874.894 , 7410.06
876.824 , 8193.48
845.538 , 8336.71
895.13 , 8543.04
888.025 , 7895.91
853.942 , 8619.74
883.608 , 9022.95
846.405 , 8466.06
885.713 , 7631.38
855.3 , 7692.01
857.7 , 8174.1
878.06 , 7147.8
895.99 , 7633.19
914.9 , 8733.72
910.241 , 7952.31
878.592 , 7937.62
908.422 , 8028.35
864.989 , 8181.03
870.261 , 7011.43
898.115 , 8456.82
879.676 , 7827.32
874.896 , 7419.58
762.921 , 7381.4
887.634 , 8995.93
870.27 , 7866.88
868.309 , 7942.03
876.6 , 7852.32
863.622 , 7917.6
867.785 , 8390.16
895.553 , 8147.85
868.829 , 7809.51
894.687 , 8849.44
860.681 , 7419.45
884.759 , 8249.81
897.868 , 7985.59
899.175 , 8211.59
804.499 , 7792.95
851.014 , 7596.98
841.644 , 8422.45
877.465 , 8379.3
902.519 , 8479.76
855.611 , 6535.94
847.969 , 8388.46
864.263 , 7045.96
872.304 , 8909.41
868.49 , 7236.9
904.57 , 8234.37
890.23 , 7057.1
824.567 , 6878.16
898.022 , 7656.28
906.876 , 7553.84
832.606 , 6960.9
866.05 , 8446.83
869.956 , 8443.45
848.715 , 8421.49
861.713 , 7724.8
867.771 , 7992.2
836.907 , 8261.66
852.239 , 8364.54
880.474 , 8351.67
848.789 , 7528.47
874.65 , 6692.23
908.865 , 7657.91
873.351 , 7859.3
856.145 , 8161.91
822.306 , 8056.1
871.876 , 8321.83
844.096 , 6652.88
872.597 , 7525.46
806.438 , 7836.68
888.856 , 8208.49
863.747 , 8693.44
875.667 , 8448.57
880.385 , 8436.39
888.351 , 9231.1
880.254 , 7647.4
872.014 , 7717.65
875.245 , 7881.77
907.862 , 8550.35
862.026 , 7662.96
867.942 , 8209.07
902.987 , 7631.59
859.61 , 7555.91
873.999 , 8079.11
880.715 , 8364.03
849.818 , 7394.08
890.424 , 8731.26
869.383 , 7250.75
877.837 , 7792.71
869.133 , 8529.89
823.199 , 7131.05
837.618 , 8250.85
869.491 , 7987.05
866.453 , 7659.59
901.463 , 8185.73
859.36 , 8189.97
876.249 , 8009.77
901.033 , 8022.99
861.868 , 7294.87
789.61 , 7620.27
861.759 , 8099.03
849.254 , 7853.38
834.698 , 7764.59
919.882 , 8273.86
866.76 , 7349.7
881.321 , 8862.14
899.93 , 8102.95
864.281 , 8828.06
911.883 , 7971.96
837.243 , 7459.2
899.344 , 8215.98
865.751 , 8233.41
907.176 , 8106.36
878.375 , 7736.76
896.837 , 7886.82
712.16 , 6988.06
908.932 , 8579.24
887.533 , 7674.49
898.369 , 7965.98
894.385 , 7509.69
903.938 , 7443.76
884.413 , 7072.82
845.258 , 7613.72
861.029 , 7522.53
888.691 , 7600.8
896.173 , 8603.29
856.829 , 7405.6
878.751 , 8680.69
877.818 , 7652.28
875.404 , 6944.35
831.372 , 7445.07
873.922 , 8387.79
847.636 , 8489.53
893.167 , 7703.07
795.551 , 8049.76
840.544 , 7976.63
865.396 , 8117.92
865.845 , 7565.02
876.838 , 8134.41
894.463 , 8083.78
910.64 , 8499.94
875.464 , 7799.65
850.067 , 7819.91
895.971 , 8162.45
898.184 , 8052.53
890.775 , 8361.55
889.737 , 7208.47
871.787 , 7869.22
870.032 , 7833.06
858.253 , 7779.14
865.819 , 7606.63
837.503 , 7595.24
907.979 , 7997.51
886.901 , 8062.62
903.275 , 7868.04
928.406 , 7968.16
886.842 , 7632.22
857.416 , 8611.39
889.936 , 8912.13
899.105 , 7430.51
891.27 , 7240.4
861.267 , 8397.07
863.983 , 8265.98
888.32 , 8044.62
849.318 , 8116.79
850.497 , 7658.28
852.523 , 7899.17
849.729 , 7948.79
880.162 , 7735.97
899.193 , 7663.9
857.751 , 7846.69
889.257 , 7199.83
848.344 , 7022.63
887.543 , 8038.32
845.248 , 7364.08
858.116 , 8677.08
870.085 , 7776.27
899.621 , 8567.76
895.401 , 7718.33
884.244 , 7681.55
845.879 , 7775.64
875.678 , 8624.43
898.121 , 7673.12
829.392 , 7137.15
794.673 , 7159.15
855.624 , 7933.27
867.344 , 8393.41
893.224 , 7051.14
902.971 , 8200.99
909.168 , 7924.89
908.259 , 9082.81
862.936 , 8078.61
909.609 , 8173.4
913.172 , 8783.39
878.797 , 7680.41
864.982 , 8219.52
825.738 , 8332.82
851.529 , 7979.07
836.193 , 7570.42
897.951 , 8913.82
899.923 , 8431
887.762 , 7796.36
861.217 , 7860.88
857.078 , 7827.76
911.36 , 8957.49
859.384 , 7926.17
889.323 , 8040.01
871.466 , 7601.44
874.175 , 7690.54
890.439 , 8178.41
906.76 , 8096.45
890.349 , 7596.91
885.584 , 8844.66
859.815 , 7930.37
898.069 , 8021.25
899.91 , 8423.46
888.787 , 7731.5
891.006 , 8071.58
876.638 , 8295.98
882.513 , 8058.04
861.34 , 7756.09
861.501 , 7658.43
860.791 , 9025.52
876.416 , 8230.28
873.431 , 8736.2
855.97 , 7658.21
875.497 , 7737.23
809.512 , 7300.48
898.613 , 7773.27
886.381 , 8546.76
923.871 , 8978.4
862.487 , 8183.56
770.654 , 7018.85
865.743 , 7623.66
867.527 , 7653.37
834.967 , 7833.84
873.436 , 7268.77
874.7 , 8224.56
921.26 , 8060.28
893.823 , 7731.3
866.693 , 8010.43
832.165 , 7258.91
844.451 , 7340.85
893.59 , 8027.89
894.756 , 8618.01
892.103 , 8016.01
853.689 , 7367.11
899.717 , 8517.36
852.59 , 7901.44
880.551 , 8179.96
899.869 , 7939.52
874.122 , 7837.85
860.481 , 7706.36
876.292 , 8161.5
872.84 , 7304.53
893.848 , 8603
885.586 , 9145.44
872.577 , 8398.62
911.871 , 8173.67
863.547 , 8264.01
834.359 , 7399.22
855.241 , 6975.05
875.177 , 8170.97
863.601 , 7382.25
890.68 , 7933.51
864.389 , 7624.7
847.628 , 7629.3
867.041 , 7862.24
874.985 , 8471.15
884.802 , 7837.6
885.909 , 7957.32
897.151 , 8044.65
877.998 , 8400
838.742 , 7438.22
870.783 , 8354.2
883.462 , 8131.14
826.068 , 7606.55
876.343 , 8491.72
824.25 , 7923.4
864.018 , 8485.1
831.153 , 7195.37
897.356 , 7411.95
841.075 , 7217.13
843.688 , 7164.05
858.194 , 7428.07
839.968 , 7986.2
856.513 , 7464.95
802.373 , 8662.55
854.079 , 7841.05
886.018 , 7219.82
811.603 , 7459.46
912.861 , 7968.47
889.863 , 8181.38
848.024 , 8339.37
890.155 , 7606.59
930.834 , 8296.62
865.052 , 8419.15
894.898 , 7893.54
890.669 , 8077.16
821.171 , 7209.35
919.293 , 7985.68
861.89 , 7434.43
634.836 , 6141.8
888.841 , 7656.58
907.886 , 7864.11
901.268 , 8371.5
884.207 , 8276.06
858.046 , 8315.43
886.819 , 8698.61
899.157 , 7957.52
863.823 , 8633.17
870.823 , 8486.16
893.541 , 8514.79
883.517 , 8348.66
856.188 , 9517.34
868.866 , 8264.32
840.673 , 8097.38
898.001 , 7901.08
911.004 , 7697.41
876.948 , 8980.45
832.799 , 7778.7
873.237 , 8118.21
913.153 , 8408.54
872.795 , 8206.97
872.957 , 8594.06
821.633 , 8020.32
839.441 , 7340.07
843.712 , 7901.97
856.051 , 8042.89
827.144 , 7306.12
882.364 , 7898.92
818.564 , 8639.54
844.122 , 8909.06
895.403 , 7713.18
773.439 , 7576.31
884.892 , 8419.94
868.655 , 8036.3
850.992 , 8537.74
920.339 , 7923.78
794.545 , 8504.71
844.59 , 7514.02
904.005 , 8639.77
890.01 , 7375.43
875.461 , 8645.83
888.633 , 7895.98
839.917 , 7867.61
854.823 , 8651.11
863.765 , 8071.41
855.643 , 7986.94
874.714 , 8946.3
891.384 , 8050.65
891.465 , 8620.66
836.285 , 8063.16
871.941 , 7958.56
853.972 , 7821.3
849.278 , 7532.01
893.605 , 8191.8
832.83 , 8034.94
841.263 , 8002.19
874.727 , 7907.64
792.048 , 7691.87
913.142 , 7961.65
847.572 , 7517.84
859.96 , 8488.23
851.402 , 8085.32
839.473 , 8112.6
905.458 , 7689.75
865.878 , 7794.7
893.339 , 8797.73
859.3 , 7349.72
896.333 , 7501.04
913.015 , 8504.95
903.363 , 7905.99
846.754 , 7310.11
901.281 , 7846.09
808.968 , 7166.74
895.231 , 7434.35
881.72 , 7298.76
907.639 , 7647.97
867.654 , 8242.81
845.693 , 7707.58
859.836 , 8496.09
885.222 , 7309.35
880.392 , 8598.74
873.674 , 8827.13
882.244 , 8063.5
858.054 , 7533.52
813.303 , 7182.31
883.645 , 8896.67
873.263 , 7907.06
927.992 , 9074.38
853.387 , 8110.61
804.52 , 7347.84
800.122 , 7577.66
873.533 , 8476.94
902.867 , 7952.55
838.924 , 7724.97
866.146 , 7535.78
878.942 , 7968.89
855.173 , 8336.19
804.5 , 8441.75
845.625 , 7533.95
836.46 , 7709.35
841.745 , 8006.05
896.333 , 6888.45
821.737 , 8563.61
853.295 , 8133.49
908.196 , 8460.15
780.855 , 6671.97
879.223 , 7587.66
839.859 , 7861.08
889.331 , 7485.39
864.274 , 7785.28
898.953 , 7973.52
871.037 , 7674.95
876.223 , 7835.85
871.292 , 8412.19
911.628 , 6936.17
843.467 , 7672.88
881.395 , 7640.33
834.267 , 7024.01
889.293 , 8147.01
832.073 , 7364.75
842.354 , 8146.45
892.996 , 7641.45
901.964 , 8224.91
864.72 , 7813.02
862.462 , 7743.44
882.166 , 8332.6
847.681 , 8247
911.009 , 7349.59
889.595 , 7572.64
890.585 , 7213.63
897.445 , 8503.62
863.969 , 8462.82
856.549 , 8596.59
898.726 , 8538.87
888.308 , 7838.07
843.847 , 7399.38
850.324 , 7347.2
867.468 , 7558.62
864.75 , 7191.62
830.822 , 7648.71
835.37 , 8101.68
833.83 , 8056.64
878.743 , 8229.09
823.169 , 7587.84
837.444 , 8525.44
865.115 , 7918.1
913.651 , 7699.68
873.323 , 8352.69
841.094 , 7670.97
870.754 , 8495.78
907.104 , 8180.44
820.654 , 7366.66
856.534 , 7566.17
887.053 , 9032.12
870.761 , 8684.67
820.574 , 7872.74
890.089 , 7207.64
807.064 , 6741.6
869.402 , 7277.17
898.78 , 8314.93
871.548 , 8215.19
858.55 , 8108.86
837.499 , 8253.4
851.671 , 7285.35
872.018 , 7669.53
845.188 , 7809.57
897.537 , 8596.38
847.12 , 8230.99
893.075 , 7844.17
833.103 , 7691.77
860.498 , 7372.22
869.125 , 7923.89
895.573 , 8623.58
871.231 , 7845.04
864.791 , 8216.19
864.218 , 8633.51
864.087 , 7375.65
853.297 , 7575.98
900.622 , 8359.45
894.815 , 8057.61
848.594 , 7745.32
869.073 , 8174.47
881.672 , 8252.7
852.203 , 7705.61
906.616 , 7234.72
847.415 , 7842.54
912.87 , 7968.1
874.782 , 8436.84
883.216 , 7679.68
891.706 , 7974.38
890.022 , 8562.73
862.868 , 7438.33
818.41 , 7738.83
878.589 , 7917.19
871.543 , 8359.45
869.064 , 7716.52
902.513 , 7376.58
884.947 , 8506.5
863.069 , 8353.18
838.308 , 7850.97
869.907 , 8019.8
896.758 , 7317.44
813.777 , 8217.52
841.113 , 8651.19
877.393 , 7924.6
863.492 , 8086.91
849.499 , 6608.69
820.458 , 7772.39
878.63 , 7810.1
907.775 , 8153.49
836.803 , 7173.1
856.837 , 7505.9
847.021 , 8183.96
885.007 , 8572.22
870.109 , 8260.24
907.956 , 8077.12
858.271 , 7623.13
835.554 , 7984.13
839.194 , 8073.92
879.923 , 8428.99
878.72 , 7510.65
828.23 , 7149.22
869.118 , 8256.77
913.976 , 7857.38
880.642 , 7746.17
811.414 , 7301.99
868.277 , 7946.36
879.099 , 7959.13
845.736 , 8124.82
858.864 , 7991.92
885.804 , 7756.98
902.447 , 8393.25
857.288 , 8455.22
883.199 , 8241.72
879.369 , 7907.7
897.036 , 8030.96
870.908 , 7948.67
870.509 , 7997.19
840.981 , 8058.96
877.693 , 7724.73
856.349 , 7936.41
903.016 , 8778.51
889.596 , 7915.69
865.324 , 8045.99
894.078 , 8232.45
883.27 , 7544.9
824.282 , 8013.58
852.782 , 7855.27
859.042 , 7835.03
842.627 , 7207.15
878.719 , 7941.9
907.886 , 7819.47
856.787 , 8655.88
823.567 , 7736.8
891.108 , 8042.75
852.499 , 7845.39
824.592 , 7146.81
861.241 , 7625.08
904.375 , 8760.39
881.944 , 7755.22
854.592 , 8348.91
847.075 , 8015.71
891.977 , 7937.78
838.07 , 7587.89
854.728 , 7419.29
858.61 , 7412.89
866.873 , 8252.34
842.998 , 8250.52
858.544 , 7539.54
850.205 , 8941.99
872.341 , 8397.16
836.664 , 7784.06
875.629 , 7824.18
863.419 , 7438.76
846.169 , 8234.93
906.19 , 8032.53
857.047 , 7754.79
818.012 , 8003.82
856.583 , 8375.42
838.205 , 8310.72
883.24 , 7514.83
902.014 , 7864.19
889.247 , 7775.77
877.724 , 8328.18
840.084 , 7840.91
894.136 , 7553.29
796.064 , 7665.63
856.515 , 8110.7
849.373 , 8206.16
883.329 , 6548.32
874.441 , 8239.69
824.82 , 7214.54
852.427 , 8756.22
890.217 , 7833.18
853.511 , 7390.06
880.062 , 7999.76
850.731 , 7100.17
880.315 , 8089.34
887.692 , 8849.47
879.54 , 7726.54
848.63 , 7685.47
856.772 , 8652.85
856.163 , 7710.9
866.949 , 7679.58
854.91 , 8344.54
893.31 , 8612.36
827.223 , 7444.09
876.064 , 7679.39
887.411 , 8398.89
826.83 , 8034.08
883.617 , 7974.13
863.254 , 7661.78
874.107 , 7385.55
851.791 , 7797.24
904.627 , 7853.76
827.306 , 7511.11
881.248 , 7883.34
841.233 , 7440.94
862.037 , 7460.47
840.341 , 7334.69
889.752 , 7161.03
907.965 , 8127.97
844.545 , 8026.32
855.92 , 8630.18
859.818 , 7858.98
924.428 , 8148.24
895.207 , 8746.45
826.479 , 8153.65
912.182 , 8247.22
867.45 , 7776.17
878.297 , 7333.51
838.254 , 7710.46
885.304 , 7854.06
862.24 , 7355.15
900.682 , 8990.57
885.027 , 8387.24
883.433 , 7741.78
864.314 , 7847.4
890.203 , 7877.59
903.001 , 8379.68
854.881 , 7851.08
894.22 , 8819.82
901.16 , 9153.22
887.552 , 7797.26
892.468 , 9075.45
876.709 , 8817.44
927.654 , 7640.21
840.532 , 7313.22
863.825 , 7336.74
854.61 , 6897.52
810.559 , 7987.1
861.924 , 8041.12
847.817 , 7751.44
871.255 , 8316.45
860.945 , 7817.28
861.035 , 8020.24
871.202 , 8113.72
887.536 , 8037.52
843.202 , 7194.81
843.206 , 7704.94
880.883 , 7661.71
852.275 , 8177.51
862.688 , 7383.36
851.064 , 8406.35
880.494 , 8490.6
888.449 , 8131.94
890.433 , 7698.29
902.611 , 8623.94
911.034 , 6878.65
858.593 , 7470.4
882.807 , 7840.02
886.446 , 7205.22
854.109 , 7872.33
786.843 , 7763.7
928.17 , 7699.79
877.913 , 8357.1
904.759 , 8648.03
858.389 , 8293.71
924.04 , 8486.69
874.707 , 7974.41
860.048 , 8265.54
915.459 , 8014.03
850.573 , 8572.07
868.15 , 7360.58
873.687 , 7719.11
848.059 , 7981.46
884.488 , 7824.87
856.797 , 7478.8
913.175 , 8498.42
833.174 , 7512.33
886.109 , 8355.26
889.502 , 8196.78
888.477 , 7640.77
858.265 , 7767.64
878.192 , 7965.94
897.245 , 7832.43
878.379 , 8235.17
875.013 , 7503.86
881.221 , 8561.69
882.691 , 8237.59
850.393 , 7912.71
868.178 , 8467.54
855.326 , 8431.15
856.281 , 8174.54
886.54 , 7823.94
903.096 , 7848.97
910.697 , 8292.11
903.302 , 7911.54
885.022 , 7617.15
803.114 , 8566.01
898.323 , 8076.87
905.984 , 8491.65
841.961 , 8196.84
830.344 , 8169.17
855.069 , 8124.43
901.496 , 8156.92
861.456 , 7975.68
911.56 , 7385.44
897.538 , 8485.82
901.075 , 7920.33
869.824 , 7961.64
915.392 , 7994.13
882.402 , 8409.58
892.072 , 7843.59
848.548 , 8080.51
860.861 , 7327.56
888.064 , 7601.26
881.156 , 7641.12
859.459 , 8235.58
872.627 , 8674.25
839.722 , 7841.73
871.336 , 8193.62
878.179 , 7702.21
883.074 , 7472.7
885.354 , 8636.28
895.741 , 8112.06
898.244 , 8255.24
836.633 , 7264.55
863.26 , 8051.77
843.223 , 8142.92
901.887 , 8084.26
876.052 , 8325.28
884.42 , 7549.07
845.347 , 7370.63
907.693 , 7289.87
894.016 , 8957.77
910.037 , 7937.09
799.742 , 7446.13
881.198 , 7617.6
887.488 , 8438.48
894.617 , 8602.64
892.241 , 8060.06
882.462 , 7179.57
843.108 , 8248.72
864.838 , 8320.51
837.113 , 7729.87
863.053 , 7895.89
899.597 , 7312.67
878.648 , 8047.1
880.036 , 8292.72
907.866 , 8468.89
881.034 , 8199.4
866.756 , 7430.2
853.725 , 8107.12
878.822 , 8521.01
909.668 , 7863.93
901.495 , 8288.72
913.89 , 8372.48
826.153 , 7913.46
836.014 , 8456.19
851.134 , 8243.19
897.602 , 9836.34
852.394 , 7737.03
855.056 , 7699.43
874.397 , 8690.18
839.759 , 8013.87
868.799 , 7460.32
890.493 , 8173.19
829.859 , 7542.18
865.853 , 7693.22
828.599 , 8055.52
845.744 , 7928.14
890.139 , 8029.48
822.85 , 7541.3
833.782 , 7630.7
816.992 , 7278.63
889.966 , 7747
902.101 , 8355.78
895.373 , 7973.03
910.381 , 7753.32
901.087 , 7588.48
900.107 , 9130.78
864.884 , 8893.69
877.348 , 8142.97
885.905 , 8395.28
820.268 , 7468.32
908.402 , 8215
871.386 , 7576.78
897.793 , 8410.25
890.06 , 8142.71
827.107 , 7909.57
885.325 , 8105.94
907.751 , 7852.57
850.528 , 7814.99
881.539 , 8177.61
886.3 , 8050.32
854.535 , 7836.1
913.768 , 8631.22
874.117 , 7885.37
830.568 , 7943.47
879.382 , 7835.42
867.917 , 7891.59
869.194 , 7753.99
865.552 , 7592.52
885.03 , 7859.66
848.651 , 8369.25
838.431 , 7883.27
888.791 , 7969.41
873.726 , 7974.38
852.96 , 7668.49
876.754 , 7704.55
858.441 , 8217.82
851.686 , 8651.62
839.43 , 8304.6
905.418 , 8489.86
837.428 , 6974.63
831.199 , 7179.27
855.369 , 8283.69
866.804 , 7603.16
912.378 , 7858.15
899.077 , 7854.72
872.884 , 8116.94
869.91 , 7882.04
869.229 , 7715.38
880.843 , 7714.81
835.093 , 8242.45
871.042 , 7410.65
838.782 , 8548.18
928.7 , 8192.73
910.22 , 8446.24
867.243 , 8489.85
885.671 , 7899.87
869.436 , 7266.16
906.658 , 7748.83
877.641 , 7215.53
841.478 , 8043.68
926.912 , 8216.93
857.001 , 8038.75
808.028 , 7812.71
884.911 , 8393.18
867.563 , 8618.96
870.112 , 7792.76
860.273 , 9019.01
862.06 , 8107.89
889.941 , 7702.34
845.156 , 7603.38
819.036 , 7559.95
924.503 , 8066.1
835.225 , 8467.68
858.418 , 7612.33
812.905 , 7900.64
878.29 , 8036.64
867.041 , 7731.07
891.306 , 7532.61
852.686 , 8328.92
876.859 , 7572.52
901.889 , 7710.2
861.282 , 8189.64
855.511 , 7573.34
901.842 , 7957.07
858.493 , 8419.14
883.498 , 6703.98
867.525 , 8381.17
904.388 , 8800.88
907.855 , 8200.39
804.83 , 7306.98
877.023 , 7587.82
849.554 , 7389.26
828.886 , 7657.74
649.971 , 3664.18
841.291 , 7931.67
851.759 , 6831.36
891.38 , 7705.4
898.203 , 8534.29
872.423 , 8118.74
833.648 , 7198.22
900.247 , 7678.13
875.587 , 8253.76
879.283 , 7337.63
892.639 , 7986.03
840.829 , 7207.75
849.572 , 7586.56
855.385 , 7606.25
850.848 , 7567.65
847.876 , 6442.09
902.222 , 8516.83
873.965 , 8898.83
862.776 , 7815.23
889.303 , 8011.81
868.554 , 8135.22
877.75 , 7438.68
871.605 , 8444.33
861.142 , 7720.14
834.92 , 8438.43
905.796 , 7952.3
824.078 , 7344.57
893.078 , 7360.86
875.687 , 7407.94
861.157 , 8122.21
898.057 , 8454.02
804.022 , 8309.9
848.59 , 8091.96
886.524 , 8302.54
879.673 , 7580.27
868.79 , 7799.37
855.615 , 8469.18
899.766 , 8212.43
869.466 , 8126.58
856.97 , 7153.39
872.992 , 8196.78
936.51 , 7957.59
912.604 , 8117.96
858.35 , 7781.81
899.709 , 8159.72
890.967 , 7890.32
887.759 , 7258.53
865.338 , 7046.38
879.266 , 7759.93
890.182 , 7869.31
863.596 , 8015.24
848.857 , 7506.06
840.387 , 8125.25
857.576 , 7760.06
785.439 , 7452.27
877.181 , 7301.8
899.405 , 7567.67
879.126 , 8325.83
834.798 , 7950.51
886.187 , 7458.94
861.787 , 8364.7
862.307 , 7645.16
916.951 , 8255.19
851.239 , 8521.88
845.337 , 7708.36
846.116 , 7434.13
857.994 , 8242.63
878.596 , 8294.06
875.578 , 8093.51
849.334 , 8120.6
846.532 , 8185.63
861.609 , 7868.77
848.396 , 7929.38
876.065 , 8153.86
896.98 , 7131.71
868.636 , 7511.22
875.568 , 8908.74
860.01 , 9075.63
875.091 , 7670.95
885.485 , 7691.65
879.494 , 8020.08
850.626 , 7615.22
868.497 , 8335.39
871.633 , 8005.85
826.986 , 8053.05
863.08 , 8486.31
903.181 , 7847.96
856.022 , 8064.84
867.61 , 7908.49
856.501 , 7836.52
906.095 , 8418.52
844.826 , 7018.71
859.822 , 7951.75
854.685 , 7714.14
828.995 , 7745.28
843.531 , 8483.3
801.356 , 7874.09
872.363 , 8186.67
879.926 , 7821.73
836.072 , 7838.17
812.626 , 7545.46
844.756 , 8490.43
889.386 , 8256.73
879.061 , 7594.53
860.282 , 8949.33
902.607 , 7965.29
912.686 , 7915.58
852.938 , 7239.39
834.079 , 8100.69
857.994 , 8055.17
888.821 , 7825.73
870.718 , 7682.05
845.815 , 9152.81
834.199 , 8352.41
890.252 , 8853.28
873.569 , 8426
863.789 , 7323.19
875.508 , 7232.98
875.132 , 7728.71
901.914 , 7341.42
879.191 , 8038.36
841.504 , 8542.88
861.295 , 7333.32
863.12 , 7341.07
831.27 , 8711.27
895.24 , 7913.1
870.715 , 8138.02
921.49 , 7936.34
870.951 , 7928.61
851.084 , 8028.56
847.265 , 7187.57
892.59 , 7782.14
854.944 , 8355.65
873.979 , 8327.09
912.709 , 8389.93
892.685 , 7459.21
838.428 , 7894.88
880.144 , 7764.95
760.894 , 8141.33
859.88 , 8238.27
919.72 , 8287.12
887.911 , 8140.13
865.54 , 7637.45
882.585 , 7784.69
895.899 , 8592.39
868.163 , 8189.91
847.47 , 8572.72
887.265 , 8507.51
886.346 , 8463.59
827.104 , 7611.61
897.923 , 8206.43
868.459 , 7734.63
873.273 , 8518.73
900.768 , 8212.97
862.088 , 7982.96
839.755 , 8096.63
881.412 , 6923.99
912.548 , 8868.47
821.616 , 7026.76
888.549 , 8046.76
915.544 , 7675.25
868.289 , 7386.65
889.66 , 7276.3
659.184 , 6202.01
900.883 , 8214.45
870.148 , 8124.3
879.425 , 8212.01
834.099 , 7682.3
869.347 , 8209.14
888.525 , 8081.63
840.847 , 7171.75
840.988 , 7008.6
888.905 , 7886.26
805.648 , 7640.97
849.189 , 7982.75
883.946 , 7858.31
875.14 , 8779.64
883.464 , 8647.63
910.102 , 8167.79
894.755 , 7015.73
890.073 , 7873.32
905.202 , 8166.56
904.111 , 8119.1
852.751 , 7932.61
869.761 , 7440.21
910.236 , 8251.53
857.354 , 6705.62
854.904 , 8865.8
888.088 , 8139.29
837.004 , 7749.9
851.55 , 7745.17
893.587 , 7763.77
880.474 , 7662.2
889.288 , 7440.57
874.856 , 7741.53
892.685 , 8746.22
861.565 , 7785.38
878.471 , 8427.16
897.552 , 7360.37
886.583 , 8259.99
921.672 , 7988.66
885.941 , 7397.71
881.724 , 8441.34
895.442 , 7340.9
848.735 , 8328.94
878.982 , 8248.48
875.822 , 8299.39
882.665 , 8315.32
829.638 , 8318.65
767.036 , 7059.86
885.803 , 7888.72
842.92 , 7146.39
845.289 , 7416.68
857.675 , 8379.87
879.149 , 9035.13
851.826 , 7776.07
888.239 , 7884.35
845.679 , 8133.31
865.392 , 8044.82
869.6 , 8129.64
845.939 , 8166.83
886.303 , 8681.06
839.386 , 8439.36
900.968 , 8794.02
868.323 , 7180.75
880.009 , 7480.45
916.608 , 7796.96
892.69 , 8304.46
926.055 , 7922.22
869.571 , 8317.97
868.198 , 8075.42
843.46 , 7666.02
852.409 , 8045.49
859.065 , 7612.19
883.701 , 7283.58
874.951 , 7954.94
883.589 , 7611.11
835.459 , 7332.32
889.234 , 7554.38
878.82 , 9024.93
871.323 , 8028.25
879.703 , 7682.94
882.544 , 8129.77
918.058 , 8092.47
851.323 , 7513.58
876.496 , 7995.07
866.211 , 8102.4
881.162 , 7879.25
864.159 , 7873.43
900.328 , 7746.16
863.319 , 7374.74
853.172 , 7643
804.699 , 8102.58
858.586 , 7958.9
890.11 , 8189.58
893.569 , 7568.21
877.75 , 7000.77
853.341 , 8177.11
857.541 , 7472.47
873.598 , 7677.26
836.845 , 7028.47
897.769 , 7595.89
855.053 , 8611.17
898.428 , 8133.35
835.13 , 7169.97
879.722 , 7738.54
867.743 , 8008.57
863.19 , 7489.65
888.071 , 8360.55
877.476 , 8525.19
911.134 , 7664.02
881.439 , 7730.5
871.218 , 7809.25
891.984 , 7943.98
855.134 , 7672.27
897.743 , 8366.22
890.367 , 7384.69
875.731 , 8273.05
900.045 , 8355.24
845.227 , 8085.34
822.465 , 8661.28
865.15 , 8428.19
889.811 , 7483.85
870.779 , 7723.22
904.447 , 7469.88
882.725 , 8799.38
890.261 , 8360.24
872.318 , 7334.14
878.939 , 8107.99
838.031 , 7941.51
875.768 , 7933.42
866.922 , 7435.29
875.037 , 7617.17
883.862 , 7849.73
892.044 , 7720.57
862.546 , 7505.64
922.746 , 8514.74
845.799 , 8019.79
875.424 , 8152.34
888.681 , 8596.48
905.532 , 8276.5
849.166 , 8212.43
889.509 , 7526.83
870.767 , 8659.87
852.343 , 8180.16
900.231 , 8196.29
906.576 , 7158.26
822.918 , 8049.69
911.86 , 8175.46
903.393 , 7790.41
902.721 , 8535.12
890.888 , 8354.23
873.622 , 7953.75
874.592 , 7402.37
872.732 , 7630.66
851.33 , 7148.66
899.985 , 7945.03
903.541 , 8541.21
834.228 , 8821.52
893.738 , 7662.53
880.315 , 7013.29
873.503 , 8989.26
878.252 , 8086.9
874.505 , 9055.15
862.899 , 8830.38
867.482 , 7886.12
812.728 , 8869.19
825.235 , 8043.15
915.834 , 8172.92
894.135 , 7682.7
856.073 , 8065.57
823.252 , 8323.01
880.51 , 7758.41
897.244 , 8251.5
805.369 , 8368.08
879.552 , 7615.68
884.487 , 7505.27
875.969 , 7978.72
886.173 , 7701.41
869.568 , 7451.46
861.199 , 8774.59
882.915 , 7857.73
887.726 , 8022.91
874.183 , 8013.71
870.926 , 7893.76
891.692 , 8357.57
871.067 , 7943.21
840.27 , 8517.1
849.733 , 7583.18
885.505 , 7709.68
781.367 , 6570.67
879.102 , 7604.18
854.846 , 8206.69
886.366 , 8272.76
890.645 , 8229.31
866.997 , 8393.61
827.936 , 8130.34
866.07 , 7697.14
887.473 , 7311.12
885.938 , 7183.34
877.605 , 8535.91
863.702 , 8203.75
863.5 , 7457.88
906.57 , 7851.45
863.219 , 7360.39
878.099 , 8845.11
868.845 , 7702.91
802.856 , 7962.94
902.055 , 8179.61
874.472 , 8326.93
875.668 , 8087.55
881.598 , 8572.44
881.867 , 7760.34
875.746 , 7732.48
832.999 , 6936.63
821.867 , 7857.91
890.917 , 7929.74
840.468 , 8232.28
889.933 , 7915.11
912.427 , 7615.27
858.261 , 8199.48
871.192 , 8126.42
849.64 , 7622.03
914.962 , 8274.52
850.04 , 7529.58
864.731 , 7413.34
861.222 , 8236.5
849.514 , 7287.14
861.974 , 8105.59
893.868 , 8352.18
831.296 , 8227.76
900.692 , 8183.14
871.528 , 7919.02
894.334 , 7834.95
912.228 , 7764.21
871.19 , 8101.79
817.204 , 7789.83
921.928 , 8089.19
844.818 , 8607.74
878.588 , 7811.85
853.796 , 8148.51
837.577 , 7943.85
819.416 , 7826.66
889.871 , 7883.59
829.887 , 7591.71
883.007 , 8416.77
843.478 , 8443.08
852.781 , 8724.71
898.586 , 8124.5
874.92 , 7897.43
879.701 , 7640.97
862.414 , 8159.06
836.013 , 7912.25
832.119 , 8193.95
878.634 , 7991.33
896.367 , 8536.65
896.131 , 7911.11
843.424 , 8075.88
882.192 , 8479.24
791.336 , 6997.57
914.386 , 8084.96
846.915 , 8357.08
839.92 , 7441.04
877.248 , 7852.15
866.568 , 7620.58
882.142 , 8034.64
856.694 , 8974.81
815.115 , 7974.77
902.076 , 8401.16
888.155 , 8853.88
867.014 , 8987.22
745.657 , 6578.61
862.578 , 6815.64
910.608 , 7760.88
888.656 , 8131.4
914.028 , 8906.87
889.445 , 8538.41
862.963 , 7807.26
880.577 , 7996.39
858.07 , 7604.89
909.64 , 8408.8
866.599 , 7867.81
916.649 , 7907.48
884.502 , 8555.41
869.967 , 7494.24
878.651 , 8228.05
860.306 , 8907.93
877.924 , 8738.49
880.163 , 8072.34
890.957 , 7776.53
872.652 , 7591.29
888.048 , 7549.11
898.074 , 8340.34
906.224 , 8578.15
865.854 , 8383.43
802.639 , 8260.13
860.144 , 8693.87
917.042 , 8285.05
892.276 , 8413.09
838.879 , 7420.02
891.56 , 8271
883.406 , 7626.9
885.155 , 7848.76
851.682 , 7524.18
856.692 , 7317.2
856.866 , 8390.54
877.295 , 7795.91
883.981 , 8012.78
879.776 , 8566.44
870.269 , 8390.88
915.948 , 8502.94
841.289 , 8167.05
896.87 , 8384.49
892.507 , 7727.98
894.861 , 7620.03
857.769 , 8231.14
866.704 , 8008.92
879.671 , 7296.94
864.825 , 7387.77
872.662 , 7371.08
833.595 , 7167.32
881.659 , 8153.21
812.879 , 7619.31
886.272 , 8315.38
903.347 , 8786.28
895.13 , 8043.12
930.962 , 8138.47
870.838 , 8269.01
823.821 , 7053.46
849.844 , 7429.14
812.773 , 6932.87
886.743 , 7988.87
860.58 , 7394.35
902.405 , 8113.66
828.108 , 8209.6
846.165 , 8344.24
880.548 , 7753.8
830.516 , 7296.11
857.889 , 7463.89
801.777 , 7751.67
872.994 , 8574.92
873.045 , 7046.76
824.332 , 7915.37
932.714 , 7797.13
843.01 , 8419.95
862.012 , 7878.93
889.04 , 8207.95
905.387 , 7482.7
883.309 , 7555.98
885.754 , 8420.1
843.228 , 7632.74
897.629 , 7909.04
831.461 , 7822.18
874.748 , 8004.01
825.348 , 7984.26
893.01 , 7585.96
838.434 , 8574.42
868.571 , 8017.61
893.659 , 7778.64
832.75 , 7542.72
877.955 , 7624.06
888.293 , 7921.1
918.033 , 7732.32
826.503 , 8023.9
860.265 , 7106.11
886.024 , 7886.16
893.334 , 8000.68
866.681 , 7873.63
819.9 , 8040.03
896.686 , 7769.55
874.329 , 8431.81
808.697 , 7718.32
901.114 , 8074.25
885.933 , 8358.23
861.137 , 7657.61
858.275 , 7444.84
861.439 , 8182.35
911.576 , 7944.39
873.632 , 8557.66
899.306 , 8196.03
853.961 , 7766.52
868.28 , 7744.63
802.796 , 7411.54
821.596 , 7177.91
824.534 , 7812.64
876.81 , 7676.19
905.145 , 7897.29
892.885 , 7147.69
879.234 , 8892.24
891.936 , 8275.43
893.071 , 7925.05
891.323 , 8366.35
867.598 , 7849.57
883.753 , 8220.39
847.837 , 7546.19
874.329 , 7826.35
801.119 , 7193.29
847.383 , 7904.46
875.368 , 7724.62
886.182 , 7991.66
874.745 , 7764.47
887.527 , 8133.71
861.278 , 7510.49
905.08 , 8151.9
851.825 , 8123.21
880.726 , 8072.65
888.826 , 7954.3
893.017 , 7591.61
852.904 , 7613.25
866.621 , 7587.53
866.354 , 8110.51
859.805 , 7631.28
878.195 , 7846.4
877.991 , 8766.36
876.762 , 8260.24
839.321 , 7700.96
890.97 , 8812.96
905.605 , 8288.09
872.145 , 7546.36
836.354 , 7708.54
842.705 , 9009.74
869.412 , 7910.11
911.3 , 9094.29
867.906 , 8182.71
909.605 , 7791.98
608.496 , 4897.2
872.287 , 7871.72
851.534 , 8492.73
864.903 , 6923.4
844.749 , 7860.23
839.632 , 8619.25
881.398 , 7935.37
861.99 , 7783.71
898.511 , 8875.34
914.281 , 8247.07
924.717 , 7790.79
880.794 , 7570.17
856.646 , 7764.07
873.178 , 7726.36
902.161 , 8155.51
858.242 , 7854.92
888.487 , 7727.14
903.764 , 7737.22
874.736 , 7892.43
895.552 , 7213.97
908.447 , 8296.17
877.095 , 8838.43
883.996 , 8318.1
900.883 , 9301.58
879.188 , 9205.03
886.121 , 8050.36
894.405 , 7840.68
833.793 , 7554.72
880.714 , 8281.03
882.962 , 8383.96
889.676 , 7999.4
890.182 , 8337.28
900.44 , 7995.32
880.687 , 8646.19
875.475 , 8311.69
828.223 , 7487.46
844.936 , 7142.88
918.449 , 7874.98
789.446 , 7583.05
869.268 , 7445.07
881.812 , 8167.41
916.701 , 8393.11
916.389 , 7410.62
816.085 , 8112.76
876.959 , 7735.35
844.456 , 8321.78
873.932 , 7867.38
799.271 , 6992.45
874.686 , 7941.52
897.215 , 7212.2
862.693 , 7343.76
867.227 , 8117.2
904.894 , 8110.1
876.495 , 7602.91
889.686 , 7468.05
849.403 , 7296.68
852.115 , 7791.61
894.807 , 7909.48
869.892 , 7349.09
887.382 , 7655.15
833.461 , 7216.07
846.059 , 7588.02
881.717 , 8008.17
892.725 , 7979.57
879.788 , 8208.67
891.344 , 8321.67
879.884 , 7638.12
813.338 , 7654.98
833.523 , 7254.63
881.285 , 8715.14
878.701 , 7404.86
862.271 , 7670.92
480.271 , 4977.34
860.096 , 7267.25
857.612 , 7895.85
890.353 , 7621.82
877.241 , 7405.75
912.492 , 8411.71
904.911 , 8147.68
893.641 , 8101.24
824.222 , 8355.84
890.908 , 8479.14
900.461 , 8329.39
893.64 , 7883.9
864.272 , 8789.67
833.698 , 6814.87
885.811 , 7941.51
849.005 , 8396.45
846.727 , 8198.84
831.693 , 8156.46
891.04 , 7653.77
860.847 , 8472.82
900.606 , 7885.95
910.152 , 8970.35
877.329 , 8682
886.539 , 8322.24
915.57 , 8479.89
883.255 , 7833.62
883.422 , 8652.35
827.957 , 8072.39
883.151 , 8993.51
837.149 , 7588.84
877.239 , 7529.37
847.055 , 7484.88
881.625 , 8022.71
842.846 , 8264.72
871.944 , 7647.23
815.376 , 7586.91
890.323 , 8288.56
903.031 , 8221.91
841.258 , 8382.16
854.735 , 7185.97
886.968 , 8622.4
910.1 , 8341.32
885.54 , 7765.02
917.295 , 7904.29
910.507 , 8067.46
897.471 , 8044.97
902.547 , 8273.18
866.331 , 8924.75
862.968 , 8355.24
837.313 , 7662.67
926.165 , 7842.57
838.127 , 8197.79
883.094 , 7884.25
851.215 , 7661.14
884.562 , 7631.65
844.775 , 7815.4
889.58 , 7840.28
895.715 , 8058.3
872.659 , 8422.21
850.04 , 7958.11
852.376 , 7978.69
844.062 , 7660.83
793.475 , 7356.41
822.279 , 7507.13
890.547 , 7823.23
882.654 , 7923.01
903.891 , 8180.42
871.026 , 9439.98
847.714 , 7634.5
885.63 , 8296.48
819.387 , 7017.2
898.251 , 8130.18
900.08 , 8644.84
857.182 , 8284.15
897.371 , 7999.23
851.393 , 7733.46
874.938 , 7389.07
889.489 , 8938.14
841.789 , 7973.72
825.476 , 7135.36
858.996 , 7942.85
810.523 , 7604.25
892.688 , 8793.74
867.153 , 7480.95
476.367 , 4812.76
895.674 , 7887.15
846.684 , 7566.79
877.171 , 7447.33
816.388 , 7368.15
921.059 , 7887.95
884.902 , 7889.85
905.23 , 7887.86
894.3 , 8266.29
853.564 , 8169.07
811.765 , 7017.64
895.882 , 7369.47
861.517 , 7453.65
879.273 , 8086.57
833.829 , 7998.35
893.701 , 7832.16
832.138 , 7332.34
885.901 , 8068.57
897.046 , 8315.14
852.814 , 7367.18
860.717 , 7817.04
869.989 , 8152.89
877.849 , 7613.97
892.265 , 8969.87
876.646 , 7560.3
871.647 , 7702.68
899.638 , 8540.88
898.158 , 8501.22
863.182 , 8433.99
847.083 , 8506.45
900.921 , 7964.69
931.897 , 8463.1
878.958 , 8169.24
896.288 , 9094.02
901.548 , 7319.26
832.297 , 7549.1
905.048 , 8130.43
890.17 , 8719.97
882.783 , 8358.8
930.978 , 8108.97
890.706 , 7796.33
879.083 , 7724.47
865.144 , 7766.72
889.307 , 7691.12
905.531 , 8532.73
818.862 , 7759.75
807.9 , 7803.02
853.051 , 7364.02
907.625 , 7990.06
873.985 , 8057.71
884.915 , 8199.23
900.23 , 7804.66
849.98 , 8063.77
861.719 , 8169.88
922.315 , 8427.48
890.844 , 7904.42
840.347 , 7621.91
903.816 , 8017.41
877.919 , 8323.42
880.771 , 7459.58
870.714 , 7629.69
920.477 , 8179.76
902.181 , 7016.4
839.966 , 7120.57
804.021 , 7968.76
856.682 , 7336.2
903.19 , 8291.67
882.069 , 7485
919.103 , 7817.5
884.062 , 7481.09
939.042 , 7224.57
891.924 , 7443.67
905.467 , 7609.52
862.806 , 8150.58
859.184 , 6709.59
851.331 , 8099.36
835.556 , 7785.63
889.427 , 8317.29
851.446 , 7724.9
869.325 , 8746.36
910.256 , 7240.57
826.5 , 7671.98
898.86 , 8037.34
883.276 , 7630.31
908.788 , 7703.74
896.986 , 6812.84
835.942 , 7605.82
897.637 , 8124.11
918.771 , 8450.61
859.08 , 8702.87
863.559 , 8963.77
846.56 , 7747.53
880.871 , 8290.3
886.799 , 7706.97
886.812 , 8103.46
844.191 , 8099
845.985 , 7342.26
864.867 , 7562
850.324 , 8238.94
812.52 , 7384.02
921.363 , 7874.61
882.841 , 8247.47
900.299 , 7818.26
820.359 , 7686.02
751.349 , 8096.03
874.647 , 8950.6
873.294 , 8566.69
906.353 , 8119.8
884.563 , 7040.85
838.844 , 7604.72
849.605 , 7522.36
904.38 , 7813.25
876.896 , 9251.98
861.04 , 7883.5
840.56 , 7708.69
859.087 , 7809.85
842.493 , 7770.38
925.407 , 9119.13
835.855 , 7366.54
893.679 , 8714.85
874.694 , 7835.22
865.095 , 7441.32
876.963 , 7117.42
876.672 , 8807.43
881.068 , 8152.05
854.965 , 7945.67
898.306 , 7771.96
855.542 , 8144.58
883.684 , 8043.42
882.783 , 7719.65
910.568 , 8534.04
893.655 , 8246.3
897.137 , 8174.22
844.593 , 7845.21
832.138 , 7243.99
826.077 , 6732.06
823.32 , 5655.42
853.659 , 7898.99
899.52 , 8412.86
875.449 , 7877.36
843.362 , 7791.3
859.322 , 8868.46
892.041 , 7241.85
873.051 , 8344.32
883.704 , 7869.64
888.02 , 8210.98
894.679 , 8749.05
878.159 , 7937.8
870.694 , 7807.99
908.094 , 7997.88
854.069 , 8022.67
827.549 , 7898.44
904.632 , 8565.05
854.879 , 7734.19
889.425 , 8294.86
915.607 , 8636.01
902.682 , 8588.59
890 , 7325.48
889.684 , 7653.56
870.748 , 8154.75
819.582 , 8477.17
866.928 , 8053.68
913.973 , 8795.88
892.297 , 7446.87
820.698 , 7308
895.146 , 7108.73
817.979 , 7267.66
883.964 , 7931.16
855.166 , 7201.83
860.859 , 8148.06
878.909 , 8087.63
909.475 , 7847.76
858.933 , 7196.7
885.028 , 8189.81
891.76 , 8490.42
847.277 , 8144.16
882.429 , 8211.9
853.333 , 8031.2
871.541 , 8405.84
819.31 , 7692.11
832.941 , 7870.71
907.923 , 8450.34
857.801 , 8050.6
857.946 , 7327.33
878.29 , 7950.29
848.126 , 7415.18
889.775 , 8399.93
857.611 , 7287.27
813.56 , 8067.06
871.4 , 8247.83
918.071 , 7798.58
867.653 , 8250.3
877.165 , 8387.28
896.213 , 7416.39
891.456 , 8513.89
917.526 , 8054.56
871.272 , 7659.97
861.425 , 7489.33
882.017 , 7955.36
879.775 , 8247.41
760.769 , 6457.3
879.224 , 8589.15
878.977 , 8069.72
873.18 , 7763.88
898.331 , 7044.87
798.584 , 6602.77
914.324 , 8038.27
866.923 , 7375.76
904.108 , 8326.94
900.375 , 7805.06
876.137 , 8312.05
831.546 , 8223.78
869.862 , 7273.17
776.979 , 7423.64
869.947 , 7167
895.9 , 7639
842.574 , 7165.87
889.587 , 8103.26
896.697 , 9055.19
880.237 , 7815.49
860.894 , 8207.49
912.942 , 8223.97
829.014 , 8037.38
864.669 , 7611.39
869.961 , 7820.7
815.448 , 7340.55
867.358 , 7054.49
877.688 , 9160.36
883.858 , 8788.32
898.489 , 7735.68
839.673 , 7914.09
831.911 , 8163.87
896.308 , 8444.74
876.314 , 7613.45
830.797 , 8660.18
846.842 , 7962.69
901.491 , 8157.22
899.683 , 7523.24
869.496 , 7414.58
909.694 , 8053.05
825.597 , 7297.16
867.697 , 7634.57
845.979 , 8175.49
894.822 , 7878.48
869.559 , 8199.96
866.71 , 8499.58
876.728 , 8078.99
914.109 , 7547.39
889.227 , 7869.07
835.574 , 7042.45
870.35 , 8251.82
864.844 , 7507.88
870.118 , 8355.29
894.754 , 8943.77
892.903 , 8453.09
862.595 , 7843.2
898.392 , 9108.91
883.051 , 8103.52
906.083 , 7187.4
876.473 , 7103.59
879.787 , 7393.07
879.096 , 8621.36
894.303 , 8413.09
841.815 , 7045.5
823.135 , 7717.15
870.313 , 7652.21
885.64 , 7808.49
909.407 , 8502.85
883.681 , 9045.89
910.596 , 8189.57
895.398 , 7446.32
878.479 , 8640.74
889.513 , 7300.93
897.747 , 8922.75
895.738 , 7655.4
870.072 , 7392.07
848.421 , 8381.42
808.801 , 6729.12
909.885 , 9006.03
872.292 , 8488.96
833.517 , 7836.04
910.712 , 8487.88
875.915 , 8136.56
901.924 , 8029.18
828.453 , 7906.25
860.036 , 8393.61
889.746 , 7657.58
919.653 , 6992.49
861.79 , 7897.3
873.968 , 9185.01
888.561 , 8689.89
862.445 , 8125.16
877.38 , 8142.22
863.772 , 8011.11
807.48 , 7624.52
813.126 , 7971.63
838.137 , 7180.85
841.709 , 7694.5
842.864 , 8003.94
839.206 , 7297.39
909.621 , 7927.92
837.696 , 8094.52
830.594 , 7719.95
829.416 , 7419.07
871.857 , 7662.18
880.577 , 7761.39
866.458 , 8023.33
879.422 , 7574.41
871.263 , 8620.91
893.999 , 7903.96
857.437 , 7033.12
830.142 , 7824.58
871.835 , 7792.72
894.657 , 8001.52
864.237 , 7840.05
885.643 , 7667.08
851.157 , 7665.09
866.266 , 7974.36
841.855 , 7495.08
866.735 , 7762.27
896.05 , 7817.6
840.215 , 7741.37
876.397 , 8397.58
863.993 , 7999.12
884.063 , 8277.52
889.725 , 7908.95
902.612 , 8033.84
855.157 , 7961.25
900.116 , 8372.29
861.237 , 7321.83
858.08 , 8070.35
879.944 , 7676.34
883.216 , 7998.55
872.101 , 8665.87
854.693 , 8844.93
787.691 , 7014.88
890.814 , 7628.71
841.168 , 7398.02
910.234 , 7478.4
894.075 , 7768.55
872.045 , 8747.03
838.653 , 8453.8
866.785 , 6962.08
880.04 , 8376.49
847.52 , 7796.33
817.3 , 7509.67
839.997 , 7473.76
816.478 , 7379.44
917.008 , 8153.59
879.828 , 8135.39
898.961 , 7793.31
804.471 , 7975.5
885.839 , 8009.25
856.567 , 8247.35
853.961 , 8313.96
827.917 , 8565.94
842.519 , 7592.25
904.544 , 8558.52
879.694 , 8247.91
849.129 , 7634.77
882.876 , 8527.82
881.571 , 8393.4
879.615 , 7634.98
907.091 , 8204.38
816.904 , 6789.91
855.722 , 8297.3
870.024 , 8114.62
847.564 , 7966.27
844.748 , 8550.91
849.737 , 7574.83
841.092 , 8331.47
897.463 , 8626.03
870.717 , 7462.62
877.251 , 8543.5
883.252 , 7659.73
861.982 , 7443.19
841.369 , 7499.93
926.669 , 8677.24
830.233 , 7712.6
890.419 , 7346.41
829.254 , 8135.93
829.84 , 8171.04
900.945 , 7274.99
921.067 , 8015.69
878.259 , 7880.63
900.703 , 7908.78
901.231 , 7675.49
887.579 , 8280.45
842.252 , 8401.9
873.163 , 7675.44
892.422 , 7878.51
881.095 , 7600.89
816.605 , 7024.25
906.306 , 7495.78
868.816 , 7878.1
850.988 , 7792.37
876.302 , 8426.7
834.791 , 7810.69
900.47 , 8085
891.861 , 8021.16
835.093 , 7670.91
874.524 , 7475.37
875.461 , 8219.99
894.754 , 8883.15
848.423 , 8820.62
828.257 , 8946.75
924.914 , 7326.96
821.554 , 7884.92
863.217 , 7676.82
899.025 , 8405.71
826.939 , 8092.59
871.187 , 7720.91
862.815 , 7708.96
832.766 , 7373.72
882.139 , 7989.19
867.067 , 8787.08
860.035 , 8207.73
862.136 , 7566.39
844.973 , 7093.85
862.929 , 7543
890.809 , 8137.42
886.183 , 8424.43
841.499 , 8871.32
842.828 , 8023.55
832.476 , 9204.55
835.232 , 7244.95
845.12 , 7036.18
854.288 , 7238.74
889.694 , 7397.61
895.008 , 7616.92
907.509 , 8225.9
851.307 , 8377.25
896.067 , 7515.69
867.871 , 7981.14
862.795 , 7891.65
912.553 , 8182.96
860.498 , 7452.22
867.717 , 7648.19
851.168 , 8629.32
828.159 , 7272.17
848.311 , 7156.81
860.132 , 8043.54
893.729 , 8195.05
870.339 , 7601.39
842.909 , 7053.51
847.214 , 8181.73
881.968 , 8846.11
895.302 , 8597.81
895.854 , 8424.14
849.879 , 7574.54
885.006 , 8002.98
896.059 , 7871.78
861.263 , 8872.8
876.941 , 7898.48
871.199 , 7640.7
902.834 , 7756.65
847.264 , 7428.44
827.944 , 7468.16
887.575 , 8104.37
847.743 , 7495.29
864.623 , 8660.56
913.864 , 7582.07
891.535 , 7967.9
850.022 , 6711.26
885.702 , 8355.16
884.14 , 7885.95
859.361 , 7676.99
777.873 , 8195.62
832.545 , 7852.45
840.458 , 7851.65
877.467 , 8277.05
876.335 , 8606.98
907.767 , 8617.62
880.178 , 8420.44
907.664 , 8563.06
874.564 , 8044.53
854.293 , 8069.16
850.288 , 8002.38
856.25 , 8193.39
918.384 , 8393.38
856.012 , 7615.47
838.971 , 7654.83
887.238 , 7441.62
906.608 , 7572.47
871.381 , 8620.78
863.655 , 8659.89
864.12 , 8240.71
868.859 , 7283.77
892.551 , 7638.12
882.157 , 8064.12
831.501 , 7929.1
822.091 , 8129.37
892.145 , 7720
811.298 , 7612.56
826.007 , 7900.81
889.261 , 7548.71
877.928 , 7967.18
852.996 , 7595.92
850.655 , 8365.56
794.258 , 7373.19
659.598 , 6302.39
859.02 , 7906.78
893.121 , 8585.71
856.891 , 7969.78
845.36 , 7546.13
866.627 , 8236.72
891.56 , 8345.68
889.431 , 8207.41
890.69 , 8512.07
881.196 , 8031.95
860.501 , 7734.76
809.526 , 7667.67
850.71 , 7372.48
931.176 , 7326.54
884.091 , 7591.79
830.69 , 8732.29
824.784 , 7722.6
872.551 , 7704.42
889.423 , 8147.91
883.256 , 7356.56
888.662 , 8459.74
861.257 , 7344.72
884.776 , 9144.63
891.767 , 8168.46
888.748 , 7886.36
878.929 , 7442.97
896.091 , 8109.88
912.373 , 8001.21
873.692 , 7690.55
859.912 , 8671.41
881.757 , 8033.1
843.758 , 8470.54
879.259 , 7471.78
899.283 , 8759.64
802.295 , 8739.48
912.435 , 7939.86
874.677 , 8190.42
907.806 , 7908.29
834.024 , 7593.72
872.726 , 8145.8
921.451 , 7727.43
819.333 , 7995.87
901.412 , 7450.42
820.269 , 8105.45
871.593 , 8029.33
903.368 , 8139.85
902.671 , 8114.81
852.573 , 8033.47
874.634 , 8345.99
884.56 , 8341.73
874.945 , 8255.99
865.262 , 8295.02
867.048 , 8241.94
877.541 , 8142.13
862.714 , 8379.08
884.443 , 8073.05
840.586 , 8241.07
877.629 , 7919.56
863.553 , 7605.05
855.913 , 7388.17
848.079 , 7650.18
883.48 , 6700.08
914.142 , 7364.37
874.282 , 7498.48
870.379 , 8187.35
826.975 , 7874.33
903.665 , 7846.43
882.303 , 9329.27
861.75 , 7926.21
863.587 , 7265.63
857.242 , 7793.44
913.394 , 8541.51
866.62 , 7120.16
889.866 , 8398.21
829.449 , 8081.2
866.246 , 7788.31
871.84 , 8109.48
884.25 , 8578.96
878.806 , 8213.07
884.972 , 8132.03
860.781 , 8828.3
868.51 , 8136.44
873.741 , 8158.53
841.283 , 7951.92
828.707 , 7228.31
900.725 , 7818.33
822.56 , 8110.91
828.798 , 8511.48
857.508 , 7778.78
832.693 , 7146
884.603 , 7317.63
884.894 , 8890.83
868.237 , 8063.29
852.671 , 8012.55
863.672 , 8200.13
871.038 , 9177.38
906.154 , 7322.92
914.193 , 7485.94
836.702 , 7886.06
891.807 , 7947.43
908.772 , 7156.4
889.878 , 7433.1
829.683 , 7613.72
850.964 , 8023.85
868.612 , 8182.23
849.514 , 7855.24
857.425 , 9263.08
910.996 , 7688.43
870.296 , 7678.82
916.274 , 7637.02
901.506 , 8082.54
895.935 , 8924.4
932.587 , 8104.95
858.161 , 7116.06
846.677 , 7606.53
861.265 , 8441.02
811.145 , 7984.96
846.903 , 8507.85
846.774 , 7042.81
889.9 , 7586.37
882.409 , 8204.56
843.759 , 7970.81
916.209 , 8217
818.817 , 7979.76
910.894 , 8159.75
854.062 , 7658.42
843.537 , 7566.64
844.389 , 7368.92
822.49 , 7779.77
903.072 , 7667.47
885.101 , 8282.14
845.399 , 7503.79
882.647 , 7902.11
818.807 , 7630.45
836.48 , 8478.56
883.755 , 8343.38
900.201 , 7779.77
853.772 , 8683.83
901.041 , 8382.52
929.19 , 7327
869.786 , 7869.82
899.331 , 8529.92
875.706 , 8841.97
855.381 , 8384.43
896.345 , 8066.69
867.442 , 8231.83
834.703 , 7550.31
868.536 , 7644.11
894.819 , 7598.41
917.48 , 7249.58
872.148 , 7577.39
852.019 , 7624.7
838.51 , 8347.34
882.784 , 8655.64
906.508 , 7468.5
856.243 , 7084.71
883.815 , 7873.65
852.717 , 7463.81
858.872 , 8453.59
911.204 , 8013.45
868.502 , 7621.01
898.42 , 7491.57
867.115 , 8479.95
807.162 , 7571.44
882.21 , 8588.53
858.348 , 8065.74
894.518 , 7666.26
829.694 , 7622.8
829.091 , 8145.2
899.895 , 8075.8
870.558 , 8608.68
837.625 , 6900.17
906.704 , 8046.64
853.179 , 8094.59
904.183 , 8143.32
880.518 , 8424.74
901.019 , 7777.53
835.066 , 8081.25
871.167 , 8425.42
879.673 , 8374.13
891.78 , 7876.92
865.031 , 7614.07
877.562 , 8655.84
818.016 , 8000.94
913.742 , 7802.62
893.646 , 7946.54
848.861 , 8427.83
863.437 , 8327.92
888.949 , 8260.24
882.72 , 7888.9
848.425 , 7529.64
860.227 , 7232.91
905.541 , 8785.52
879.579 , 8414.05
873.602 , 8664.55
833.566 , 7201.56
765.266 , 7196.02
875.464 , 8306.39
894.923 , 8709.48
881.545 , 8161.72
859.363 , 8428.62
842.776 , 8380.3
883.498 , 9022
854.456 , 7642.72
845.566 , 7947.13
911.014 , 7620.56
861.672 , 8498.09
860.795 , 7997.5
816.331 , 7578.79
836.014 , 6998.99
884.575 , 7880.92
908.442 , 8487.86
846.331 , 7744.08
840.738 , 7917.64
907.648 , 8226.41
916.37 , 8265.59
880.681 , 8072.97
857.35 , 7236.23
853.408 , 9072.04
904.374 , 7700.65
884.721 , 8011.67
892.451 , 8784.38
883.997 , 8655.29
870.036 , 8109.03
906.111 , 8557.37
854.404 , 8019.18
868.832 , 8743.13
830.213 , 7943.67
903.504 , 8123.04
907.172 , 7951.19
804.785 , 8183.73
839.04 , 7406.82
885.009 , 7799.63
885.948 , 7140.96
882.06 , 7559.17
904.648 , 8023.5
857.635 , 7651.54
867.321 , 7617.44
849.343 , 7426.21
871.102 , 7874.09
867.836 , 7597.98
863.355 , 8443.72
885.141 , 7948.59
845.994 , 7852.24
832.614 , 8666.39
821.452 , 6876.13
905.403 , 8635.34
864.743 , 8478.7
850.14 , 7860.39
888.347 , 8457.85
870.186 , 7916.16
858.234 , 8854.13
905.944 , 7496
857.088 , 7796.92
905.214 , 8440.88
863.481 , 8081.44
882.523 , 7830.23
844.35 , 7842.19
837.639 , 7270.14
845.451 , 7972.27
850.01 , 7969.73
876.81 , 7847.46
883.219 , 7790.97
841.526 , 7353.94
842.042 , 7352.2
892.301 , 8534.12
903.741 , 8730.23
836.935 , 8079.64
867.148 , 8036.93
851.592 , 8224.89
915.526 , 8032.48
908.389 , 8319.73
903.849 , 7902.27
889.223 , 7572.4
848.588 , 7926.97
901.157 , 8134.37
847.382 , 7885.18
877.49 , 7225.39
872.159 , 8125.96
834.306 , 7806.96
880.071 , 7810.9
860.476 , 7772.3
893.849 , 8383.2
910.226 , 8030.19
872.04 , 8588.32
888.956 , 8228.28
857.433 , 7612.08
891.023 , 7784.15
805.61 , 7590.49
917.698 , 7809.47
796.804 , 7955
906.979 , 8724.29
861.149 , 7233.72
906.118 , 7678.11
846.559 , 8347.6
893.471 , 8403.73
920.721 , 8041.98
886.452 , 8184.92
885.764 , 7990.79
863.401 , 8172.77
894.315 , 7317.42
875.502 , 7722.43
866.936 , 7636.19
879.908 , 8279.71
871.878 , 7656.37
904.945 , 7346.17
902.941 , 8120.43
886.747 , 7894.16
864.897 , 8277.33
914.999 , 7692.52
871.699 , 7897.38
855.815 , 7691.66
819.162 , 8308.92
882.559 , 7407.22
846.598 , 7392.86
912.565 , 8237.71
857.387 , 7394.74
801.003 , 7208.96
896.46 , 7080.53
854.893 , 8334.04
888.82 , 7566.38
861.111 , 7023.67
884.853 , 8811.07
855.055 , 7890.89
840.207 , 7311.8
864.322 , 7820.3
892.514 , 8465.7
856.991 , 7638.45
849.917 , 7845.41
886.545 , 8400.72
838.136 , 8097.07
856.48 , 8363.92
887.879 , 8155.96
851.116 , 8823.28
872.181 , 7812.31
884.578 , 8225.31
865.699 , 8370.27
871.012 , 7249.39
905.036 , 7282.68
860.583 , 8461.96
905.831 , 8421.75
880.302 , 8673.21
880.278 , 8062.14
855.475 , 7490.61
875.02 , 6887.76
851.118 , 7710.07
884.609 , 7874.3
901.632 , 9050.82
832.762 , 8087.33
897.159 , 8377.34
886.732 , 8391.24
870.703 , 8279.96
875.598 , 7704.14
870.037 , 7446.46
870.329 , 8468.93
805.214 , 7912.11
905.336 , 8692.51
866.391 , 7726.28
877.741 , 8135.54
847.593 , 7476.86
839.392 , 7644.13
878.673 , 8617.7
865.438 , 8200.12
851.008 , 7385.05
909.408 , 7787.42
904.655 , 8095.42
888.758 , 7805.68
883.153 , 7931.1
878.251 , 7739.6
867.567 , 8327.81
840.16 , 8071.2
869.764 , 8159.58
890.875 , 8564.02
895.098 , 8317.17
835.682 , 7601.72
866.135 , 8254.3
851.157 , 8075.01
843.662 , 7609.24
862.285 , 7536.35
809.95 , 6969.94
878.238 , 7655.58
864.877 , 8654.17
896.359 , 8348.06
840.55 , 7631.36
904.963 , 8508.46
864.487 , 8132.26
877.738 , 8282.27
860.466 , 7958.77
834.192 , 7483
838.547 , 8143.52
871.988 , 7098.74
893.574 , 7597.12
846.407 , 8014.34
849.381 , 7906.81
889.227 , 6990.26
865.639 , 8039.12
863.989 , 7971.42
856.585 , 8134.17
871.189 , 7582.64
851.98 , 7747.73
881.626 , 8634.6
888.03 , 7223.91
864.705 , 6962.04
862.051 , 8516.05
873.404 , 8729.4
888.733 , 8225.33
883.706 , 7583.88
850.583 , 8610.09
872.634 , 7181.32
853.57 , 8022.11
876.407 , 8158.55
850.742 , 7921.37
829.454 , 9040.53
863.034 , 7410.45
907.399 , 8615.03
873.395 , 7538.85
899.1 , 8216.71
867.962 , 7799.36
881.537 , 8422.21
865.222 , 7798.71
854.712 , 7837.05
887.795 , 7752.47
907.558 , 7854.24
872.099 , 8801.36
888.78 , 7438.8
873.98 , 8422.94
884.417 , 8606.79
914.956 , 7851.12
874.977 , 7798.86
884.982 , 7559.08
873.662 , 8228.05
854.171 , 7908.8
865.46 , 6973.4
863.229 , 8010.78
891.516 , 8246.39
885.726 , 7991.52
853.168 , 8119.91
911.451 , 8051.71
920.123 , 8929.13
827.065 , 8120.35
840.176 , 7846.65
883.536 , 7907.33
899.062 , 7995.22
839.639 , 8520.78
825.38 , 7283.15
875.408 , 7855.14
867.878 , 8077.89
862.158 , 7633.18
869.183 , 7244.93
865.675 , 7197.29
763.533 , 7918.03
899.007 , 7849.45
925.196 , 7829.09
831.79 , 6865.78
890.868 , 7755.33
833.498 , 7685.36
871.133 , 7998.67
866.045 , 7921.92
869.037 , 8107.97
824.042 , 8222.37
903.47 , 8208.9
846.527 , 6812.87
876.325 , 8365.3
853.637 , 8543.2
889.428 , 8175.75
884.473 , 8319.94
868.327 , 8355.88
884.788 , 8097.77
921.714 , 8351.04
892.696 , 8465.6
870.785 , 7646.94
890.864 , 7121.07
845.117 , 8075.49
874.561 , 6790.85
926.37 , 8634.9
846.122 , 7910.51
850.493 , 7687.73
856.677 , 7873.23
864.446 , 7977.4
856.094 , 7853.54
896.056 , 8860.2
914.231 , 8715.1
863.085 , 6814.06
905.585 , 8500.66
839.912 , 7516.36
863.704 , 8672.01
846.578 , 7386.18
874.419 , 8191.16
892.523 , 7873.6
932.644 , 8077.5
849.746 , 7403.02
868.613 , 7267.63
851.375 , 7845.9
833.041 , 7908.66
840.675 , 6963.69
848.857 , 7536.73
887.596 , 7889.9
905.688 , 8029.35
870.804 , 8217.84
822.45 , 8406.19
823.131 , 7773.74
877.731 , 8314.89
847.527 , 7531.22
891.126 , 7776.69
888.613 , 7950.14
856.622 , 7886.28
905.424 , 9077.98
871.11 , 8562.26
874.051 , 7758.23
874.273 , 8274.55
884.587 , 7990.71
853.004 , 8610.89
845.779 , 8119.83
931.63 , 7481.51
853.791 , 7854.58
862.931 , 8675.4
881.706 , 7844.23
864.722 , 7559.04
847.126 , 7582.45
850.274 , 7909.12
863.007 , 7588.84
872.379 , 7566.96
850.185 , 8344.98
835.133 , 7068.42
863.814 , 8778.85
889.264 , 8503.26
850.797 , 8600.26
856.599 , 8559.75
832.223 , 7445.76
855.328 , 8085.52
803.922 , 8012.97
871.954 , 8582.07
864.645 , 7434.34
886.124 , 7448.23
874.497 , 8323.91
842.937 , 8536.19
903.115 , 7952.01
840.165 , 7164.02
855.991 , 7757.07
861.967 , 7786.38
855.063 , 8119.97
805.371 , 7854.44
880.15 , 7868.56
882.196 , 7524.49
851.613 , 8252.56
828.196 , 7761.12
865.42 , 7671.25
893.758 , 8561.03
925.637 , 7991.85
840.461 , 7294.31
879.099 , 8418.32
872.246 , 8068.85
881.052 , 8551.72
851.204 , 8606.98
836.488 , 6617.16
860.809 , 7980.27
825.607 , 7397.13
844.099 , 7222.9
828.751 , 7582.26
885.038 , 7817.48
848.019 , 8270.5
889.396 , 8448.57
881.076 , 8766.14
870.113 , 7405.45
896.165 , 8732.53
852.044 , 7393.71
841.037 , 7758.23
841.431 , 7831.35
900.622 , 7766.71
870.643 , 8562.06
863.372 , 7495.86
841.811 , 7710.83
874.45 , 7898.54
893.405 , 7522.61
794.87 , 7176.84
913.212 , 7857.01
885.76 , 8587.71
893.734 , 7544.87
867.731 , 7507.64
857.697 , 8047.38
870.592 , 7551.62
845.487 , 8136.31
877.116 , 8268.39
828.989 , 8287.85
848.356 , 8080.35
822.651 , 8530.5
792.914 , 7637.26
874.212 , 7912.79
886.648 , 8587.41
859.251 , 8064.13
889.268 , 7736.76
856.11 , 7239.19
882.72 , 7207.21
881.202 , 8423.9
874.719 , 8546.02
876.441 , 8123.51
859.754 , 7944.56
867.36 , 7913.88
870.045 , 7153.31
865.607 , 7937.83
833.145 , 7473.62
915.195 , 8261.97
865.466 , 7863.26
844.603 , 8343.89
908.881 , 8248.01
872.665 , 6762.57
888.262 , 7486.9
888.978 , 7637.14
834.405 , 7819.67
907.516 , 8672.39
858.461 , 7171.05
891.153 , 7818.36
834.69 , 7789.1
854.266 , 6979.21
861.261 , 8078.48
730.124 , 7172.78
885.196 , 7911.47
861.084 , 7610.72
893.888 , 8102.17
839.25 , 7813.11
854.108 , 7602.77
888.316 , 7927.75
930.104 , 8113.3
891.286 , 7962.63
871.099 , 7659.27
887.191 , 8201.17
895.788 , 7633.1
866.822 , 7496.89
875.497 , 7820.2
860.934 , 8001.57
890.105 , 8081.81
877.083 , 7630.31
905.629 , 8211.8
930.23 , 7815.05
897.142 , 8764.89
844.12 , 7786.75
912.439 , 8896.03
881.028 , 7821.62
855.802 , 7610.93
880.005 , 7771.18
879.012 , 8452
801.78 , 7975.45
837.914 , 8414.49
860.314 , 6956.69
901.576 , 8196.82
863.906 , 7845.92
914.981 , 8549.46
858.208 , 7979.33
884.021 , 8323.26
889.57 , 7622.65
810.046 , 6811.01
882.317 , 7516.28
885.081 , 7560.62
874.572 , 8140.64
875.204 , 7506.36
874.68 , 7504.23
895.409 , 6891.14
895.683 , 8283.84
812.373 , 7635.84
890.224 , 8644.71
854.704 , 7654.19
929.769 , 8651.23
892.887 , 8489.57
845.021 , 7653.99
919.464 , 8042.69
924.137 , 7768.83
890.674 , 8135.64
888.46 , 7555.16
835.916 , 7639.99
872.501 , 8334.93
863.896 , 8628.46
862.057 , 7602.22
836.032 , 7523.54
902.369 , 7636.44
897.186 , 8347.41
873.251 , 7445.73
919.459 , 8468.05
815.626 , 8296.36
920.83 , 8698.44
825.748 , 7417.9
878.124 , 7939.83
890.948 , 8141.75
875.598 , 7413.06
884.078 , 7352.01
844.877 , 8248.77
864.017 , 7480.76
867.271 , 7836.67
866.056 , 8134.59
913.294 , 8248.38
907.758 , 7868.78
870.971 , 8183.63
881.823 , 8054.71
852.496 , 7680.34
871.845 , 7458.19
883.045 , 7880.14
879.293 , 7847.75
850.755 , 8432.95
847.101 , 7479.37
838.003 , 8236.52
877.116 , 7644.55
839.379 , 7833.6
883.337 , 7495.97
892.956 , 7972.42
916.127 , 8543.59
914.824 , 7723.9
878.628 , 7715.33
885.749 , 8049.98
867.675 , 7456.86
868.992 , 7531.12
877.169 , 8280.78
893.038 , 8143.22
854.43 , 8635.07
818.886 , 7971.9
902.554 , 7923.29
856.409 , 8081.23
905.467 , 7707.26
843.027 , 7244.93
854.507 , 7446.86
875.601 , 7525.31
869.722 , 7300.18
818.224 , 7481.74
878.416 , 8416.52
852.064 , 7504.44
872.168 , 7884.37
846.112 , 7599.79
861.835 , 7974.82
891.07 , 8087.97
898.184 , 9252.77
850.964 , 8423.26
882.733 , 7660.78
881.88 , 8169.32
862.429 , 7947.84
866.169 , 8063.04
851.773 , 8224.99
846.227 , 8645.84
861.166 , 8054.79
920.332 , 6678.21
826.887 , 7755.4
869.691 , 8582.71
862.955 , 8115.31
890.536 , 7831.77
859.719 , 7970.76
855.789 , 8171.98
865.332 , 8275.48
873.645 , 8154.26
883.597 , 7930.16
936.074 , 8065.64
860.47 , 7433.95
900.557 , 8830.45
862.082 , 7339.16
827.64 , 7658.42
893.613 , 7703.31
864.724 , 8574.33
846.872 , 8259.56
880.757 , 8196.62
883.713 , 8847.36
848.062 , 8399.56
907.154 , 7646.45
882.344 , 7242.27
845.872 , 8899.02
919.872 , 7710.93
877.319 , 8105.19
870.413 , 7017.45
864.335 , 7711.78
897.804 , 8420.76
860.555 , 7417.87
875.195 , 8019.19
865.841 , 8282.59
848.8 , 8833.66
882.738 , 7750.02
861.647 , 7613.7
898.827 , 8655.33
887.683 , 7811.5
917.787 , 8714.77
909.397 , 8428.54
874.617 , 7772.1
870.854 , 8399.66
887.294 , 8106.61
883.047 , 8662.79
877.473 , 8101.38
811.169 , 7139.04
887.753 , 8042.64
899.526 , 8059.6
807.554 , 7711.54
865.463 , 8135.64
862.481 , 8396.89
885.793 , 9174.78
843.301 , 7479.78
917.426 , 7227.82
870.717 , 7552.8
924.814 , 8095.4
883.669 , 8686.18
854.687 , 7640.83
876.935 , 8210.38
869.022 , 8417
853.3 , 8349.14
886.157 , 7452.38
885.917 , 7981.54
851.832 , 7905.66
905.032 , 8696.4
858.703 , 8267.88
878.603 , 7638.84
864.657 , 8438.89
843.093 , 7155.09
860.884 , 7284.67
885.065 , 7063.62
853.97 , 8221.58
879.011 , 8200.29
862.862 , 8356.87
904.957 , 8430.26
864.341 , 8258.89
823.251 , 7976.83
847.175 , 7641.85
857.981 , 7535.75
876.791 , 8338.71
907.747 , 8435.96
870.456 , 9009.76
842.392 , 7593.14
912.556 , 8070.52
871.515 , 8156.69
858.165 , 8532.58
892.04 , 8904
829.496 , 7901.44
872.854 , 9010.81
888.173 , 8647.69
849.14 , 7454.52
864.05 , 8733.4
874.536 , 8142.35
907.039 , 8074.88
810.763 , 7665.63
839.862 , 7611
875.728 , 8391.06
850.759 , 7660.5
868.643 , 8065.06
867.732 , 7587.88
873.296 , 8764.31
877.63 , 7587.96
885.082 , 7955
905.024 , 7779.52
884.945 , 8346.51
898.093 , 8373.64
875.735 , 7410.86
892.651 , 7859.19
876.936 , 7419.64
898.062 , 8040.29
862.817 , 8410.32
863.008 , 7616.09
894.551 , 8149.74
912.313 , 9665
838.428 , 7422
894.316 , 8379.16
858.376 , 7398.99
863.299 , 9059.08
817.973 , 7284.07
701.103 , 5889.91
898.719 , 7919.42
905.667 , 7623.39
899.279 , 7678.45
881.468 , 8317.71
862.68 , 8759.04
819.021 , 7766.65
865.481 , 7899.69
888.955 , 8714.99
885.005 , 8900.72
887.548 , 7739.75
870.646 , 7731.16
894.762 , 8029.72
856.396 , 8209.74
852.266 , 8134.8
863.039 , 7526
